-- phpMyAdmin SQL Dump
-- version 5.1.0
-- https://www.phpmyadmin.net/
--
-- Host: 127.0.0.1
-- Generation Time: May 21, 2021 at 12:01 AM
-- Server version: 10.4.18-MariaDB
-- PHP Version: 8.0.3

SET SQL_MODE = "NO_AUTO_VALUE_ON_ZERO";
START TRANSACTION;
SET time_zone = "+00:00";


/*!40101 SET @OLD_CHARACTER_SET_CLIENT=@@CHARACTER_SET_CLIENT */;
/*!40101 SET @OLD_CHARACTER_SET_RESULTS=@@CHARACTER_SET_RESULTS */;
/*!40101 SET @OLD_COLLATION_CONNECTION=@@COLLATION_CONNECTION */;
/*!40101 SET NAMES utf8mb4 */;

--
-- Database: `barbershop`
--

-- --------------------------------------------------------

--
-- Table structure for table `admin`
--

CREATE TABLE `admin` (
  `AdminID` int(11) NOT NULL,
  `UserName` varchar(20) COLLATE utf8_unicode_ci NOT NULL DEFAULT 'admin',
  `Password` varchar(20) COLLATE utf8_unicode_ci NOT NULL DEFAULT 'admin'
) ENGINE=InnoDB DEFAULT CHARSET=utf8 COLLATE=utf8_unicode_ci;

--
-- Dumping data for table `admin`
--

INSERT INTO `admin` (`AdminID`, `UserName`, `Password`) VALUES
(0, 'admin', 'admin');

-- --------------------------------------------------------

--
-- Table structure for table `barber`
--

CREATE TABLE `barber` (
  `BarberID` int(11) NOT NULL,
  `BarberName` varchar(20) COLLATE utf8_unicode_ci NOT NULL,
  `BarberSurname` varchar(20) COLLATE utf8_unicode_ci NOT NULL,
  `Salary` int(11) NOT NULL
) ENGINE=InnoDB DEFAULT CHARSET=utf8 COLLATE=utf8_unicode_ci;

--
-- Dumping data for table `barber`
--

INSERT INTO `barber` (`BarberID`, `BarberName`, `BarberSurname`, `Salary`) VALUES
(1, 'Alberto', 'Baker', 3200),
(2, 'Benjaminn', 'Peters', 3500),
(3, 'Horace', 'Phillips', 3500),
(4, 'Clint', 'Campbell', 3200),
(7, 'Fernando', 'Medina', 3500),
(8, 'Conrad', 'Carter', 3500),
(9, 'Perry', 'Wilkins', 3500);

-- --------------------------------------------------------

--
-- Table structure for table `customer`
--

CREATE TABLE `customer` (
  `CustomerID` int(11) NOT NULL,
  `CustomerName` varchar(20) COLLATE utf8_unicode_ci NOT NULL,
  `CustomerSurname` varchar(20) COLLATE utf8_unicode_ci NOT NULL,
  `Email` varchar(50) COLLATE utf8_unicode_ci NOT NULL,
  `Password` varchar(50) COLLATE utf8_unicode_ci NOT NULL
) ENGINE=InnoDB DEFAULT CHARSET=utf8 COLLATE=utf8_unicode_ci;

--
-- Dumping data for table `customer`
--

INSERT INTO `customer` (`CustomerID`, `CustomerName`, `CustomerSurname`, `Email`, `Password`) VALUES
(1, 'Ezequiel', 'Chambers', 'ezequielchambers@gmail.com', 'ezequielchambers1123'),
(2, 'Romeo', 'Olson', 'romeoolson@windowslive.com', 'romeoolson4171'),
(3, 'Abraham', 'Lopez', 'abrahamlopez@msn.com', 'abrahamlopez3676'),
(4, 'Octavio', 'Holder', 'octavioholder@windowslive.com', 'octavioholder1441'),
(5, 'Colten', 'Bender', 'coltenbender@live.com', 'coltenbender7911'),
(6, 'Jaydon', 'Gamble', 'jaydongamble@outlook.com', 'jaydongamble2390'),
(7, 'Cory', 'Ortiz', 'coryortiz@yahoo.com.', 'coryortiz0745'),
(8, 'Darien', 'Archer', 'darienarcher@windowslive.com', 'darienarcher1724'),
(9, 'Jakobe', 'Lam', 'jakobelam@windowslive.com', 'jakobelam9910'),
(10, 'Maximillian', 'Ruiz', 'maximillianruiz@live.com', 'maximillianruiz5509'),
(11, 'Jan', 'Castillo', 'jancastillo@outlook.com', 'jancastillo9977'),
(12, 'Avery', 'Cantrell', 'averycantrell@msn.com', 'averycantrell4812'),
(13, 'Marshall', 'Cochran', 'marshallcochran@outlook.com', 'marshallcochran7874'),
(14, 'Bridger', 'Hogan', 'bridgerhogan@outlook.com', 'bridgerhogan3787'),
(15, 'Jordan', 'Compton', 'jordancompton@yahoo.com.', 'jordancompton6820'),
(16, 'Eli', 'Hancock', 'elihancock@outlook.com', 'elihancock2737'),
(17, 'Cameron', 'Welch', 'cameronwelch@outlook.com', 'cameronwelch3347'),
(18, 'Santino', 'Moyer', 'santinomoyer@gmail.com', 'santinomoyer5386'),
(19, 'Antonio', 'Sanchez', 'antoniosanchez@msn.com', 'antoniosanchez1061'),
(20, 'Kenyon', 'Matthews', 'kenyonmatthews@outlook.com', 'kenyonmatthews3726'),
(21, 'Brock', 'Clay', 'brockclay@live.com', 'brockclay6336'),
(22, 'Ricardo', 'Mcknight', 'ricardomcknight@windowslive.com', 'ricardomcknight7907'),
(23, 'Mauricio', 'Montoya', 'mauriciomontoya@yahoo.com.', 'mauriciomontoya7695'),
(24, 'Urijah', 'Hatfield', 'urijahhatfield@outlook.com', 'urijahhatfield3832'),
(25, 'John', 'Meadows', 'johnmeadows@yahoo.com.', 'johnmeadows2708'),
(26, 'Samir', 'Campos', 'samircampos@gmail.com', 'samircampos7069'),
(27, 'Braylen', 'Alvarado', 'braylenalvarado@outlook.com', 'braylenalvarado0569'),
(28, 'Victor', 'Hicks', 'victorhicks@yahoo.com.', 'victorhicks5540'),
(29, 'Jaiden', 'Callahan', 'jaidencallahan@gmail.com', 'jaidencallahan2953'),
(30, 'Keagan', 'Ritter', 'keaganritter@windowslive.com', 'keaganritter0466'),
(31, 'Slade', 'Erickson', 'sladeerickson@outlook.com', 'sladeerickson5965'),
(32, 'Jaden', 'Smith', 'jadensmith@gmail.com', 'jadensmith7942'),
(33, 'Zaire', 'Banks', 'zairebanks@msn.com', 'zairebanks1028'),
(34, 'Anderson', 'Velazquez', 'andersonvelazquez@outlook.com', 'andersonvelazquez3319'),
(35, 'Terry', 'Mccullough', 'terrymccullough@gmail.com', 'terrymccullough7441'),
(36, 'Izaiah', 'Bernard', 'ızaiahbernard@live.com', 'ızaiahbernard7116'),
(37, 'Brendan', 'Mcdonald', 'brendanmcdonald@outlook.com', 'brendanmcdonald9713'),
(38, 'Raphael', 'Flores', 'raphaelflores@gmail.com', 'raphaelflores6182'),
(39, 'Wesley', 'Ball', 'wesleyball@live.com', 'wesleyball2100'),
(40, 'Charlie', 'Ballard', 'charlieballard@gmail.com', 'charlieballard8211'),
(41, 'Russell', 'Chung', 'russellchung@gmail.com', 'russellchung1565'),
(42, 'Jorge', 'Mccormick', 'jorgemccormick@msn.com', 'jorgemccormick3031'),
(43, 'Kaiden', 'Underwood', 'kaidenunderwood@gmail.com', 'kaidenunderwood2054'),
(44, 'Frankie', 'Atkinson', 'frankieatkinson@outlook.com', 'frankieatkinson5318'),
(45, 'Drake', 'Davenport', 'drakedavenport@yahoo.com.', 'drakedavenport4553'),
(46, 'Garrett', 'Friedman', 'garrettfriedman@windowslive.com', 'garrettfriedman6457'),
(47, 'Dallas', 'Black', 'dallasblack@windowslive.com', 'dallasblack6999'),
(48, 'Brenden', 'Newton', 'brendennewton@outlook.com', 'brendennewton4962'),
(49, 'Kymani', 'Trujillo', 'kymanitrujillo@live.com', 'kymanitrujillo6130'),
(50, 'Hudson', 'Roy', 'hudsonroy@outlook.com', 'hudsonroy3563'),
(51, 'Dawson', 'Wiggins', 'dawsonwiggins@gmail.com', 'dawsonwiggins8221'),
(52, 'German', 'Horne', 'germanhorne@live.com', 'germanhorne0800'),
(53, 'Kyson', 'Barnett', 'kysonbarnett@gmail.com', 'kysonbarnett6102'),
(54, 'Jonah', 'Peterson', 'jonahpeterson@live.com', 'jonahpeterson4885'),
(55, 'Alonzo', 'Garrett', 'alonzogarrett@msn.com', 'alonzogarrett3130'),
(56, 'Zane', 'Aguirre', 'zaneaguirre@gmail.com', 'zaneaguirre2818'),
(57, 'Scott', 'Haas', 'scotthaas@live.com', 'scotthaas1893'),
(58, 'Harper', 'Woods', 'harperwoods@outlook.com', 'harperwoods2545'),
(59, 'Davon', 'Pope', 'davonpope@windowslive.com', 'davonpope8207'),
(60, 'Adam', 'Sanford', 'adamsanford@windowslive.com', 'adamsanford0684'),
(61, 'Jimmy', 'Chapman', 'jimmychapman@msn.com', 'jimmychapman8333'),
(62, 'Zechariah', 'Marshall', 'zechariahmarshall@windowslive.com', 'zechariahmarshall2130'),
(63, 'Edgar', 'Moses', 'edgarmoses@windowslive.com', 'edgarmoses2530'),
(64, 'Tristian', 'Barrett', 'tristianbarrett@yahoo.com.', 'tristianbarrett6340'),
(65, 'Skyler', 'Choi', 'skylerchoi@live.com', 'skylerchoi7207'),
(66, 'Abdullah', 'Cervantes', 'abdullahcervantes@windowslive.com', 'abdullahcervantes9241'),
(67, 'Bronson', 'Mcpherson', 'bronsonmcpherson@yahoo.com.', 'bronsonmcpherson3983'),
(68, 'Brett', 'Rios', 'brettrios@live.com', 'brettrios4341'),
(69, 'Elisha', 'Dodson', 'elishadodson@windowslive.com', 'elishadodson8415'),
(70, 'Braiden', 'Lynch', 'braidenlynch@windowslive.com', 'braidenlynch1853'),
(71, 'Tanner', 'Holt', 'tannerholt@live.com', 'tannerholt9861'),
(72, 'Peter', 'Conway', 'peterconway@windowslive.com', 'peterconway2096'),
(73, 'Kareem', 'Patton', 'kareempatton@msn.com', 'kareempatton3704'),
(74, 'Misael', 'Mack', 'misaelmack@msn.com', 'misaelmack7017'),
(75, 'Angel', 'Gregory', 'angelgregory@gmail.com', 'angelgregory8026'),
(76, 'Ace', 'Mckay', 'acemckay@yahoo.com.', 'acemckay8270'),
(77, 'Curtis', 'Garner', 'curtisgarner@outlook.com', 'curtisgarner2252'),
(78, 'Armani', 'Good', 'armanigood@yahoo.com.', 'armanigood2492'),
(79, 'Reese', 'Marsh', 'reesemarsh@gmail.com', 'reesemarsh7685'),
(80, 'Kelton', 'Barnes', 'keltonbarnes@yahoo.com.', 'keltonbarnes0047'),
(81, 'Camron', 'Estrada', 'camronestrada@msn.com', 'camronestrada7327'),
(82, 'Winston', 'Alvarez', 'winstonalvarez@windowslive.com', 'winstonalvarez9459'),
(83, 'Jermaine', 'Blair', 'jermaineblair@windowslive.com', 'jermaineblair4306'),
(84, 'Lincoln', 'Wolfe', 'lincolnwolfe@msn.com', 'lincolnwolfe1197'),
(85, 'Hector', 'Weeks', 'hectorweeks@windowslive.com', 'hectorweeks1475'),
(86, 'Amari', 'Massey', 'amarimassey@windowslive.com', 'amarimassey9842'),
(87, 'Charles', 'Adams', 'charlesadams@yahoo.com.', 'charlesadams7653'),
(88, 'Anton', 'Winters', 'antonwinters@outlook.com', 'antonwinters8777'),
(89, 'Lee', 'Huffman', 'leehuffman@live.com', 'leehuffman5363'),
(90, 'Joaquin', 'Villanueva', 'joaquinvillanueva@msn.com', 'joaquinvillanueva0677'),
(91, 'Darren', 'Levy', 'darrenlevy@msn.com', 'darrenlevy5396'),
(92, 'Jaeden', 'Stephens', 'jaedenstephens@msn.com', 'jaedenstephens1503'),
(93, 'Gunner', 'Moss', 'gunnermoss@live.com', 'gunnermoss8422'),
(94, 'Miles', 'Doyle', 'milesdoyle@msn.com', 'milesdoyle7388'),
(95, 'Alejandro', 'Johns', 'alejandrojohns@windowslive.com', 'alejandrojohns2733'),
(96, 'Humberto', 'Avila', 'humbertoavila@live.com', 'humbertoavila5254'),
(97, 'Noel', 'Terrell', 'noelterrell@gmail.com', 'noelterrell3006'),
(98, 'Camren', 'Warner', 'camrenwarner@gmail.com', 'camrenwarner0289'),
(99, 'Yurem', 'Allison', 'yuremallison@windowslive.com', 'yuremallison2589'),
(100, 'Brian', 'Fleming', 'brianfleming@live.com', 'brianfleming3352'),
(101, 'Ariel', 'Merritt', 'arielmerritt@msn.com', 'arielmerritt6488'),
(102, 'Justice', 'Hood', 'justicehood@windowslive.com', 'justicehood9772'),
(103, 'Davis', 'Strong', 'davisstrong@msn.com', 'davisstrong9222'),
(104, 'Brenton', 'Green', 'brentongreen@gmail.com', 'brentongreen1068'),
(105, 'Lance', 'Fields', 'lancefields@outlook.com', 'lancefields1236'),
(106, 'Dylan', 'Jenkins', 'dylanjenkins@outlook.com', 'dylanjenkins0939'),
(107, 'Noe', 'Daugherty', 'noedaugherty@msn.com', 'noedaugherty2907'),
(108, 'Harold', 'Anthony', 'haroldanthony@msn.com', 'haroldanthony0635'),
(109, 'Royce', 'Padilla', 'roycepadilla@gmail.com', 'roycepadilla8065'),
(110, 'Edwin', 'Andrews', 'edwinandrews@msn.com', 'edwinandrews3340'),
(111, 'Ronald', 'Pittman', 'ronaldpittman@outlook.com', 'ronaldpittman8692'),
(112, 'Dante', 'Washington', 'dantewashington@msn.com', 'dantewashington8165'),
(113, 'Jasper', 'Jefferson', 'jasperjefferson@outlook.com', 'jasperjefferson4142'),
(114, 'David', 'Sanders', 'davidsanders@msn.com', 'davidsanders9486'),
(115, 'Shawn', 'Schwartz', 'shawnschwartz@msn.com', 'shawnschwartz9041'),
(116, 'Jakob', 'King', 'jakobking@windowslive.com', 'jakobking7315'),
(117, 'Zayne', 'Clayton', 'zayneclayton@outlook.com', 'zayneclayton3028'),
(118, 'Tristan', 'Charles', 'tristancharles@live.com', 'tristancharles9227'),
(119, 'Triston', 'Yang', 'tristonyang@msn.com', 'tristonyang0228'),
(120, 'Cohen', 'Joyce', 'cohenjoyce@gmail.com', 'cohenjoyce3789'),
(121, 'Blaze', 'Joseph', 'blazejoseph@msn.com', 'blazejoseph7189'),
(122, 'Sonny', 'Whitney', 'sonnywhitney@outlook.com', 'sonnywhitney4536'),
(123, 'Gael', 'Tanner', 'gaeltanner@yahoo.com.', 'gaeltanner2382'),
(124, 'Jadon', 'Le', 'jadonle@outlook.com', 'jadonle6086'),
(125, 'Jesse', 'Sampson', 'jessesampson@msn.com', 'jessesampson1426'),
(126, 'Corbin', 'Graham', 'corbingraham@msn.com', 'corbingraham1931'),
(127, 'Jayden', 'Clark', 'jaydenclark@msn.com', 'jaydenclark9761'),
(128, 'Cristian', 'Jones', 'cristianjones@gmail.com', 'cristianjones0246'),
(129, 'Andres', 'Pineda', 'andrespineda@windowslive.com', 'andrespineda4517'),
(130, 'Adolfo', 'Livingston', 'adolfolivingston@yahoo.com.', 'adolfolivingston2946'),
(131, 'Kadin', 'Camacho', 'kadincamacho@msn.com', 'kadincamacho6713'),
(132, 'Kamari', 'Patrick', 'kamaripatrick@windowslive.com', 'kamaripatrick8922'),
(133, 'Mathew', 'Fletcher', 'mathewfletcher@live.com', 'mathewfletcher5624'),
(134, 'Cristopher', 'Kent', 'cristopherkent@msn.com', 'cristopherkent3213'),
(135, 'Rodolfo', 'Frey', 'rodolfofrey@windowslive.com', 'rodolfofrey7959'),
(136, 'Asa', 'Grimes', 'asagrimes@live.com', 'asagrimes5083'),
(137, 'Cesar', 'Andrade', 'cesarandrade@gmail.com', 'cesarandrade8021'),
(138, 'Carlos', 'Patterson', 'carlospatterson@outlook.com', 'carlospatterson8425'),
(139, 'Andy', 'Pollard', 'andypollard@msn.com', 'andypollard6433'),
(140, 'Asher', 'Galloway', 'ashergalloway@yahoo.com.', 'ashergalloway6128'),
(141, 'Keith', 'Gross', 'keithgross@live.com', 'keithgross4331'),
(142, 'Kolten', 'Hayden', 'koltenhayden@gmail.com', 'koltenhayden4350'),
(143, 'Marley', 'Lang', 'marleylang@yahoo.com.', 'marleylang2868'),
(144, 'Colton', 'Mullins', 'coltonmullins@msn.com', 'coltonmullins1492'),
(145, 'Brodie', 'Walker', 'brodiewalker@windowslive.com', 'brodiewalker0273'),
(146, 'Weston', 'Krueger', 'westonkrueger@outlook.com', 'westonkrueger4366'),
(147, 'Walker', 'Norman', 'walkernorman@live.com', 'walkernorman5995'),
(148, 'Jayce', 'Durham', 'jaycedurham@outlook.com', 'jaycedurham9282'),
(149, 'Mekhi', 'Barber', 'mekhibarber@windowslive.com', 'mekhibarber8725'),
(150, 'Johnathan', 'Buckley', 'johnathanbuckley@yahoo.com.', 'johnathanbuckley6640'),
(151, 'Colby', 'Bates', 'colbybates@windowslive.com', 'colbybates6495'),
(152, 'Trenton', 'Norton', 'trentonnorton@gmail.com', 'trentonnorton1987'),
(153, 'Gunnar', 'Buck', 'gunnarbuck@gmail.com', 'gunnarbuck0433'),
(154, 'Taylor', 'Moore', 'taylormoore@outlook.com', 'taylormoore4508'),
(155, 'Pierre', 'English', 'pierreenglish@yahoo.com.', 'pierreenglish7746'),
(156, 'Cedric', 'Christian', 'cedricchristian@live.com', 'cedricchristian0884'),
(157, 'Moshe', 'Ramirez', 'mosheramirez@gmail.com', 'mosheramirez6398'),
(158, 'Rory', 'Navarro', 'rorynavarro@msn.com', 'rorynavarro1785'),
(159, 'Rene', 'Barron', 'renebarron@outlook.com', 'renebarron5505'),
(160, 'Deon', 'Casey', 'deoncasey@windowslive.com', 'deoncasey9994'),
(161, 'Emilio', 'Rivers', 'emiliorivers@yahoo.com.', 'emiliorivers7174'),
(162, 'Rhett', 'Marks', 'rhettmarks@windowslive.com', 'rhettmarks0713'),
(163, 'Allan', 'Williamson', 'allanwilliamson@outlook.com', 'allanwilliamson2250'),
(164, 'Eddie', 'Webb', 'eddiewebb@windowslive.com', 'eddiewebb9935'),
(165, 'Zachary', 'Baker', 'zacharybaker@yahoo.com.', 'zacharybaker9595'),
(166, 'Lawrence', 'Heath', 'lawrenceheath@yahoo.com.', 'lawrenceheath7824'),
(167, 'Payton', 'Barr', 'paytonbarr@windowslive.com', 'paytonbarr8588'),
(168, 'Fletcher', 'Bowman', 'fletcherbowman@yahoo.com.', 'fletcherbowman3412'),
(169, 'Maximus', 'Coleman', 'maximuscoleman@outlook.com', 'maximuscoleman0290'),
(170, 'Warren', 'Wolf', 'warrenwolf@live.com', 'warrenwolf9398'),
(171, 'Hezekiah', 'Browning', 'hezekiahbrowning@gmail.com', 'hezekiahbrowning3993'),
(172, 'Jay', 'Bauer', 'jaybauer@gmail.com', 'jaybauer0790'),
(173, 'Sidney', 'Yoder', 'sidneyyoder@gmail.com', 'sidneyyoder8710'),
(174, 'Bernard', 'Mcintosh', 'bernardmcintosh@msn.com', 'bernardmcintosh1995'),
(175, 'Seth', 'Hoover', 'sethhoover@outlook.com', 'sethhoover3773'),
(176, 'Xander', 'Wells', 'xanderwells@gmail.com', 'xanderwells5176'),
(177, 'Jack', 'Griffin', 'jackgriffin@yahoo.com.', 'jackgriffin7608'),
(178, 'Cason', 'Best', 'casonbest@gmail.com', 'casonbest8679'),
(179, 'Daniel', 'Carrillo', 'danielcarrillo@yahoo.com.', 'danielcarrillo6981'),
(180, 'Jairo', 'Wilson', 'jairowilson@msn.com', 'jairowilson9904'),
(181, 'Dane', 'Hinton', 'danehinton@windowslive.com', 'danehinton3657'),
(182, 'Malakai', 'Curry', 'malakaicurry@gmail.com', 'malakaicurry8813'),
(183, 'Franklin', 'Kaufman', 'franklinkaufman@outlook.com', 'franklinkaufman1341'),
(184, 'Fabian', 'Cummings', 'fabiancummings@gmail.com', 'fabiancummings9824'),
(185, 'Khalil', 'Gordon', 'khalilgordon@gmail.com', 'khalilgordon4517'),
(186, 'Issac', 'Austin', 'ıssacaustin@gmail.com', 'ıssacaustin7430'),
(187, 'Diego', 'Spears', 'diegospears@live.com', 'diegospears2976'),
(188, 'Orion', 'Vang', 'orionvang@gmail.com', 'orionvang7392'),
(189, 'Ayden', 'Medina', 'aydenmedina@msn.com', 'aydenmedina2870'),
(190, 'Gabriel', 'Caldwell', 'gabrielcaldwell@outlook.com', 'gabrielcaldwell7197'),
(191, 'Salvatore', 'Raymond', 'salvatoreraymond@msn.com', 'salvatoreraymond6357'),
(192, 'Kian', 'Wise', 'kianwise@live.com', 'kianwise4818'),
(193, 'Clinton', 'Bolton', 'clintonbolton@yahoo.com.', 'clintonbolton0047'),
(194, 'Nikolai', 'Huff', 'nikolaihuff@msn.com', 'nikolaihuff0134'),
(195, 'Bentley', 'Dougherty', 'bentleydougherty@outlook.com', 'bentleydougherty2595'),
(196, 'Kole', 'Mckinney', 'kolemckinney@windowslive.com', 'kolemckinney1003'),
(197, 'Kasen', 'Dunlap', 'kasendunlap@yahoo.com.', 'kasendunlap8502'),
(198, 'Jeremiah', 'Lin', 'jeremiahlin@gmail.com', 'jeremiahlin3232'),
(199, 'Sullivan', 'David', 'sullivandavid@live.com', 'sullivandavid5218'),
(200, 'Deandre', 'Waters', 'deandrewaters@windowslive.com', 'deandrewaters9683'),
(201, 'Emmett', 'Riggs', 'emmettriggs@live.com', 'emmettriggs6156'),
(202, 'Byron', 'Burke', 'byronburke@gmail.com', 'byronburke0950'),
(203, 'Alec', 'Calhoun', 'aleccalhoun@gmail.com', 'aleccalhoun7889'),
(204, 'Alberto', 'Day', 'albertoday@live.com', 'albertoday1770'),
(205, 'Billy', 'Rhodes', 'billyrhodes@outlook.com', 'billyrhodes4527'),
(206, 'Erick', 'Combs', 'erickcombs@windowslive.com', 'erickcombs6139'),
(207, 'Markus', 'Frederick', 'markusfrederick@live.com', 'markusfrederick3413'),
(208, 'Ignacio', 'Alexander', 'ıgnacioalexander@outlook.com', 'ıgnacioalexander1402'),
(209, 'Lucian', 'Holden', 'lucianholden@live.com', 'lucianholden3125'),
(210, 'Ruben', 'Melendez', 'rubenmelendez@outlook.com', 'rubenmelendez9133'),
(211, 'Jaxon', 'Snyder', 'jaxonsnyder@live.com', 'jaxonsnyder0577'),
(212, 'Yahir', 'Liu', 'yahirliu@yahoo.com.', 'yahirliu8220'),
(213, 'Milton', 'Graves', 'miltongraves@yahoo.com.', 'miltongraves0881'),
(214, 'Trystan', 'Hester', 'trystanhester@gmail.com', 'trystanhester7808'),
(215, 'Keenan', 'Gates', 'keenangates@outlook.com', 'keenangates7046'),
(216, 'Kade', 'Mclaughlin', 'kademclaughlin@live.com', 'kademclaughlin1114'),
(217, 'Ryder', 'Goodman', 'rydergoodman@outlook.com', 'rydergoodman1259'),
(218, 'Nigel', 'Contreras', 'nigelcontreras@msn.com', 'nigelcontreras8020'),
(219, 'Todd', 'Conley', 'toddconley@outlook.com', 'toddconley1078'),
(220, 'Pierce', 'Dickerson', 'piercedickerson@outlook.com', 'piercedickerson6986'),
(221, 'Leonardo', 'Russo', 'leonardorusso@live.com', 'leonardorusso8890'),
(222, 'Mateo', 'Hodge', 'mateohodge@yahoo.com.', 'mateohodge3868'),
(223, 'Rayan', 'Love', 'rayanlove@gmail.com', 'rayanlove7168'),
(224, 'Reynaldo', 'Krause', 'reynaldokrause@gmail.com', 'reynaldokrause1510'),
(225, 'Francis', 'Fitzpatrick', 'francisfitzpatrick@gmail.com', 'francisfitzpatrick1548'),
(226, 'Xavier', 'Mendoza', 'xaviermendoza@live.com', 'xaviermendoza6825'),
(227, 'Keyon', 'Yates', 'keyonyates@msn.com', 'keyonyates9490'),
(228, 'Karson', 'Knight', 'karsonknight@outlook.com', 'karsonknight6373'),
(229, 'Marquis', 'Baxter', 'marquisbaxter@windowslive.com', 'marquisbaxter3239'),
(230, 'Darrell', 'Walton', 'darrellwalton@live.com', 'darrellwalton8565'),
(231, 'Rigoberto', 'Reeves', 'rigobertoreeves@msn.com', 'rigobertoreeves8185'),
(232, 'Jaylon', 'Li', 'jaylonli@gmail.com', 'jaylonli6268'),
(233, 'Ross', 'Dunn', 'rossdunn@gmail.com', 'rossdunn1663'),
(234, 'Porter', 'Brooks', 'porterbrooks@yahoo.com.', 'porterbrooks3799'),
(235, 'Sheldon', 'Porter', 'sheldonporter@msn.com', 'sheldonporter8293'),
(236, 'Keon', 'Donovan', 'keondonovan@windowslive.com', 'keondonovan9805'),
(237, 'Ray', 'Reilly', 'rayreilly@live.com', 'rayreilly9367'),
(238, 'Gianni', 'Jarvis', 'giannijarvis@windowslive.com', 'giannijarvis3142'),
(239, 'Danny', 'Hudson', 'dannyhudson@msn.com', 'dannyhudson7143'),
(240, 'Rowan', 'Fuller', 'rowanfuller@outlook.com', 'rowanfuller2324'),
(241, 'Valentin', 'Cox', 'valentincox@msn.com', 'valentincox2710'),
(242, 'Sawyer', 'Davies', 'sawyerdavies@msn.com', 'sawyerdavies1400'),
(243, 'Jonathon', 'Dominguez', 'jonathondominguez@live.com', 'jonathondominguez4965'),
(244, 'Jerome', 'Osborne', 'jeromeosborne@yahoo.com.', 'jeromeosborne8406'),
(245, 'Titus', 'Willis', 'tituswillis@windowslive.com', 'tituswillis2817'),
(246, 'Joseph', 'Chang', 'josephchang@gmail.com', 'josephchang2615'),
(247, 'Maximilian', 'Herring', 'maximilianherring@windowslive.com', 'maximilianherring8118'),
(248, 'Rafael', 'Mccann', 'rafaelmccann@windowslive.com', 'rafaelmccann6782'),
(249, 'Antony', 'Hendricks', 'antonyhendricks@yahoo.com.', 'antonyhendricks2481'),
(250, 'Chandler', 'Richardson', 'chandlerrichardson@yahoo.com.', 'chandlerrichardson6908'),
(251, 'Andrew', 'Bridges', 'andrewbridges@windowslive.com', 'andrewbridges7804'),
(252, 'Antwan', 'Cortez', 'antwancortez@msn.com', 'antwancortez7825'),
(253, 'Benjamin', 'Skinner', 'benjaminskinner@windowslive.com', 'benjaminskinner5856'),
(254, 'Leonel', 'Lutz', 'leonellutz@windowslive.com', 'leonellutz7161'),
(255, 'Kody', 'Herrera', 'kodyherrera@msn.com', 'kodyherrera6994'),
(256, 'Mathias', 'Stevenson', 'mathiasstevenson@yahoo.com.', 'mathiasstevenson9438'),
(257, 'Keegan', 'Novak', 'keegannovak@yahoo.com.', 'keegannovak3937'),
(258, 'Arthur', 'Khan', 'arthurkhan@live.com', 'arthurkhan4460'),
(259, 'Clay', 'Silva', 'claysilva@gmail.com', 'claysilva2731'),
(260, 'Darryl', 'Duarte', 'darrylduarte@live.com', 'darrylduarte7825'),
(261, 'Javion', 'Byrd', 'javionbyrd@live.com', 'javionbyrd7418'),
(262, 'Joel', 'Phillips', 'joelphillips@windowslive.com', 'joelphillips6712'),
(263, 'Juan', 'Price', 'juanprice@windowslive.com', 'juanprice7510'),
(264, 'Reece', 'Burgess', 'reeceburgess@yahoo.com.', 'reeceburgess8138'),
(265, 'Raymond', 'Orr', 'raymondorr@outlook.com', 'raymondorr2568'),
(266, 'Jaydan', 'Cruz', 'jaydancruz@msn.com', 'jaydancruz2421'),
(267, 'Bruno', 'Conrad', 'brunoconrad@outlook.com', 'brunoconrad0090'),
(268, 'Logan', 'Frazier', 'loganfrazier@live.com', 'loganfrazier7818'),
(269, 'Bryce', 'Brown', 'brycebrown@gmail.com', 'brycebrown8901'),
(270, 'Reilly', 'Bray', 'reillybray@windowslive.com', 'reillybray9804'),
(271, 'Alexander', 'Nicholson', 'alexandernicholson@yahoo.com.', 'alexandernicholson2636'),
(272, 'Jude', 'Mcneil', 'judemcneil@windowslive.com', 'judemcneil7276'),
(273, 'Niko', 'Cook', 'nikocook@msn.com', 'nikocook4228'),
(274, 'Colin', 'Kline', 'colinkline@msn.com', 'colinkline1425'),
(275, 'Zayden', 'Curtis', 'zaydencurtis@outlook.com', 'zaydencurtis0743'),
(276, 'Zachery', 'Daniel', 'zacherydaniel@msn.com', 'zacherydaniel9741'),
(277, 'Moises', 'Foster', 'moisesfoster@yahoo.com.', 'moisesfoster6722'),
(278, 'Bennett', 'French', 'bennettfrench@yahoo.com.', 'bennettfrench8758'),
(279, 'Conor', 'Carson', 'conorcarson@windowslive.com', 'conorcarson1931'),
(280, 'Justin', 'Montgomery', 'justinmontgomery@gmail.com', 'justinmontgomery3736'),
(281, 'Ashton', 'Barton', 'ashtonbarton@yahoo.com.', 'ashtonbarton4365'),
(282, 'Chris', 'Trevino', 'christrevino@gmail.com', 'christrevino0356'),
(283, 'Giovanny', 'Hardin', 'giovannyhardin@gmail.com', 'giovannyhardin4115'),
(284, 'Alfonso', 'Pierce', 'alfonsopierce@gmail.com', 'alfonsopierce3110'),
(285, 'Connor', 'Drake', 'connordrake@live.com', 'connordrake2331'),
(286, 'Bryson', 'Vasquez', 'brysonvasquez@yahoo.com.', 'brysonvasquez6423'),
(287, 'Devon', 'Macias', 'devonmacias@yahoo.com.', 'devonmacias8572'),
(288, 'Aryan', 'Weber', 'aryanweber@gmail.com', 'aryanweber2104'),
(289, 'Nathaniel', 'Meza', 'nathanielmeza@yahoo.com.', 'nathanielmeza8510'),
(290, 'Quentin', 'Ali', 'quentinali@live.com', 'quentinali6526'),
(291, 'Karter', 'Pruitt', 'karterpruitt@live.com', 'karterpruitt6299'),
(292, 'Roberto', 'Chan', 'robertochan@outlook.com', 'robertochan5636'),
(293, 'Jett', 'Chaney', 'jettchaney@msn.com', 'jettchaney7022'),
(294, 'Yandel', 'Rangel', 'yandelrangel@gmail.com', 'yandelrangel3052'),
(295, 'Kasey', 'Griffith', 'kaseygriffith@msn.com', 'kaseygriffith0063'),
(296, 'Dominick', 'Lindsey', 'dominicklindsey@gmail.com', 'dominicklindsey1540'),
(297, 'Turner', 'Blackwell', 'turnerblackwell@gmail.com', 'turnerblackwell3158'),
(298, 'Krish', 'Arnold', 'krisharnold@msn.com', 'krisharnold2227'),
(299, 'Chaz', 'Vargas', 'chazvargas@msn.com', 'chazvargas4227'),
(300, 'Callum', 'Bryan', 'callumbryan@gmail.com', 'callumbryan1281'),
(301, 'Vaughn', 'Butler', 'vaughnbutler@msn.com', 'vaughnbutler9620'),
(302, 'Timothy', 'Mcbride', 'timothymcbride@yahoo.com.', 'timothymcbride4312'),
(303, 'Brycen', 'Forbes', 'brycenforbes@outlook.com', 'brycenforbes5426'),
(304, 'Walter', 'Manning', 'waltermanning@gmail.com', 'waltermanning6840'),
(305, 'Mario', 'Greene', 'mariogreene@gmail.com', 'mariogreene7614'),
(306, 'Alex', 'Robbins', 'alexrobbins@windowslive.com', 'alexrobbins1788'),
(307, 'Chad', 'Dean', 'chaddean@live.com', 'chaddean2392'),
(308, 'Rodney', 'Roth', 'rodneyroth@msn.com', 'rodneyroth4560'),
(309, 'Jon', 'Bradshaw', 'jonbradshaw@live.com', 'jonbradshaw1318'),
(310, 'Demarcus', 'Mcdowell', 'demarcusmcdowell@gmail.com', 'demarcusmcdowell4200'),
(311, 'Isiah', 'Mclean', 'ısiahmclean@yahoo.com.', 'ısiahmclean7544'),
(312, 'Marquise', 'Schmidt', 'marquiseschmidt@outlook.com', 'marquiseschmidt2653'),
(313, 'Leon', 'Golden', 'leongolden@yahoo.com.', 'leongolden5477'),
(314, 'Adriel', 'Weaver', 'adrielweaver@msn.com', 'adrielweaver5319'),
(315, 'Seamus', 'Murillo', 'seamusmurillo@live.com', 'seamusmurillo3508'),
(316, 'Bruce', 'Keller', 'brucekeller@outlook.com', 'brucekeller0615'),
(317, 'Austin', 'Valencia', 'austinvalencia@live.com', 'austinvalencia9717'),
(318, 'Isaiah', 'Petersen', 'ısaiahpetersen@outlook.com', 'ısaiahpetersen6125'),
(319, 'Blaine', 'Warren', 'blainewarren@gmail.com', 'blainewarren3028'),
(320, 'Tomas', 'Wang', 'tomaswang@outlook.com', 'tomaswang7093'),
(321, 'Malik', 'Maxwell', 'malikmaxwell@live.com', 'malikmaxwell1537'),
(322, 'Ean', 'Mayer', 'eanmayer@windowslive.com', 'eanmayer4822'),
(323, 'Roland', 'Davis', 'rolanddavis@windowslive.com', 'rolanddavis5948'),
(324, 'Owen', 'Mathews', 'owenmathews@windowslive.com', 'owenmathews6136'),
(325, 'Trace', 'Lucas', 'tracelucas@live.com', 'tracelucas4894'),
(326, 'Donald', 'Todd', 'donaldtodd@windowslive.com', 'donaldtodd6864'),
(327, 'Paxton', 'Garrison', 'paxtongarrison@msn.com', 'paxtongarrison4395'),
(328, 'Zavier', 'Carlson', 'zaviercarlson@live.com', 'zaviercarlson3775'),
(329, 'Grant', 'Gibson', 'grantgibson@live.com', 'grantgibson8801'),
(330, 'Trevin', 'Rivera', 'trevinrivera@gmail.com', 'trevinrivera8486'),
(331, 'Brice', 'Myers', 'bricemyers@live.com', 'bricemyers1283'),
(332, 'Makhi', 'Atkins', 'makhiatkins@outlook.com', 'makhiatkins9712'),
(333, 'Santos', 'Kirby', 'santoskirby@outlook.com', 'santoskirby7259'),
(334, 'Rhys', 'Bartlett', 'rhysbartlett@live.com', 'rhysbartlett1370'),
(335, 'Enrique', 'Reyes', 'enriquereyes@gmail.com', 'enriquereyes2931'),
(336, 'Pedro', 'Hamilton', 'pedrohamilton@windowslive.com', 'pedrohamilton6575'),
(337, 'Nikolas', 'Hobbs', 'nikolashobbs@windowslive.com', 'nikolashobbs4850'),
(338, 'Nathan', 'George', 'nathangeorge@windowslive.com', 'nathangeorge8595'),
(339, 'Lamar', 'Ayala', 'lamarayala@gmail.com', 'lamarayala4599'),
(340, 'Alden', 'Rose', 'aldenrose@yahoo.com.', 'aldenrose4132'),
(341, 'Tobias', 'White', 'tobiaswhite@gmail.com', 'tobiaswhite1191'),
(342, 'Efrain', 'Ho', 'efrainho@msn.com', 'efrainho7245'),
(343, 'Darion', 'Kirk', 'darionkirk@outlook.com', 'darionkirk1642'),
(344, 'Mike', 'Mercer', 'mikemercer@msn.com', 'mikemercer5742'),
(345, 'Immanuel', 'Snow', 'ımmanuelsnow@msn.com', 'ımmanuelsnow4481'),
(346, 'Phillip', 'Wheeler', 'phillipwheeler@live.com', 'phillipwheeler1842'),
(347, 'Damon', 'Morrison', 'damonmorrison@gmail.com', 'damonmorrison0466'),
(348, 'Erik', 'Norris', 'eriknorris@windowslive.com', 'eriknorris5136'),
(349, 'Josh', 'Howell', 'joshhowell@outlook.com', 'joshhowell8205'),
(350, 'Camryn', 'Tucker', 'camryntucker@outlook.com', 'camryntucker0218'),
(351, 'Terrell', 'Castro', 'terrellcastro@msn.com', 'terrellcastro0064'),
(352, 'Tyshawn', 'Fernandez', 'tyshawnfernandez@gmail.com', 'tyshawnfernandez5462'),
(353, 'Haiden', 'Stokes', 'haidenstokes@msn.com', 'haidenstokes6463'),
(354, 'Jesus', 'Valentine', 'jesusvalentine@gmail.com', 'jesusvalentine2175'),
(355, 'Silas', 'Bell', 'silasbell@gmail.com', 'silasbell8750'),
(356, 'Wayne', 'Lowe', 'waynelowe@gmail.com', 'waynelowe8781'),
(357, 'Jeffrey', 'Foley', 'jeffreyfoley@gmail.com', 'jeffreyfoley8117'),
(358, 'Ahmed', 'Guzman', 'ahmedguzman@windowslive.com', 'ahmedguzman3770'),
(359, 'Dashawn', 'Morris', 'dashawnmorris@windowslive.com', 'dashawnmorris4677'),
(360, 'Finnegan', 'Sims', 'finnegansims@msn.com', 'finnegansims0331'),
(361, 'Parker', 'Wilkins', 'parkerwilkins@live.com', 'parkerwilkins0348'),
(362, 'Zachariah', 'Christensen', 'zachariahchristensen@windowslive.com', 'zachariahchristensen0792'),
(363, 'Saul', 'Stark', 'saulstark@windowslive.com', 'saulstark3580'),
(364, 'Will', 'Nunez', 'willnunez@msn.com', 'willnunez9488'),
(365, 'Jamir', 'Lee', 'jamirlee@gmail.com', 'jamirlee1615'),
(366, 'Denzel', 'Miller', 'denzelmiller@outlook.com', 'denzelmiller6893'),
(367, 'Terrance', 'Shannon', 'terranceshannon@outlook.com', 'terranceshannon2681'),
(368, 'Cash', 'Duke', 'cashduke@yahoo.com.', 'cashduke3091'),
(369, 'Osvaldo', 'Stafford', 'osvaldostafford@gmail.com', 'osvaldostafford6971'),
(370, 'Luciano', 'Glenn', 'lucianoglenn@live.com', 'lucianoglenn1361'),
(371, 'Coby', 'Cowan', 'cobycowan@outlook.com', 'cobycowan3835'),
(372, 'Jovan', 'Ware', 'jovanware@msn.com', 'jovanware9283'),
(373, 'Fisher', 'Swanson', 'fisherswanson@live.com', 'fisherswanson8254'),
(374, 'Deven', 'Melton', 'devenmelton@msn.com', 'devenmelton8997'),
(375, 'Kameron', 'Huynh', 'kameronhuynh@yahoo.com.', 'kameronhuynh1706'),
(376, 'Maximo', 'Dixon', 'maximodixon@windowslive.com', 'maximodixon4274'),
(377, 'Talan', 'Klein', 'talanklein@gmail.com', 'talanklein5126'),
(378, 'Kendall', 'Howard', 'kendallhoward@yahoo.com.', 'kendallhoward7562'),
(379, 'Quinten', 'Mahoney', 'quintenmahoney@windowslive.com', 'quintenmahoney3061'),
(380, 'Sincere', 'Kelley', 'sincerekelley@windowslive.com', 'sincerekelley9232'),
(381, 'Kale', 'Morgan', 'kalemorgan@msn.com', 'kalemorgan0062'),
(382, 'Jovani', 'Brock', 'jovanibrock@outlook.com', 'jovanibrock0870'),
(383, 'Dalton', 'Cooke', 'daltoncooke@windowslive.com', 'daltoncooke0382'),
(384, 'Damien', 'Riddle', 'damienriddle@yahoo.com.', 'damienriddle0903'),
(385, 'Jason', 'Greer', 'jasongreer@outlook.com', 'jasongreer3435'),
(386, 'Nicholas', 'Simon', 'nicholassimon@yahoo.com.', 'nicholassimon1245'),
(387, 'Kayden', 'Sloan', 'kaydensloan@msn.com', 'kaydensloan3898'),
(388, 'Kyle', 'Paul', 'kylepaul@live.com', 'kylepaul9842'),
(389, 'Tyrese', 'Powers', 'tyresepowers@windowslive.com', 'tyresepowers7134'),
(390, 'Samuel', 'Shepherd', 'samuelshepherd@live.com', 'samuelshepherd0429'),
(391, 'Skylar', 'Simpson', 'skylarsimpson@windowslive.com', 'skylarsimpson2882'),
(392, 'Braeden', 'Blanchard', 'braedenblanchard@gmail.com', 'braedenblanchard5174'),
(393, 'Julio', 'Ryan', 'julioryan@windowslive.com', 'julioryan1680'),
(394, 'Beckham', 'Becker', 'beckhambecker@gmail.com', 'beckhambecker8029'),
(395, 'Jasiah', 'Noble', 'jasiahnoble@outlook.com', 'jasiahnoble0352'),
(396, 'Draven', 'Olsen', 'dravenolsen@outlook.com', 'dravenolsen8521'),
(397, 'Aedan', 'Downs', 'aedandowns@windowslive.com', 'aedandowns7599'),
(398, 'Tyrone', 'Moon', 'tyronemoon@outlook.com', 'tyronemoon1180'),
(399, 'Gregory', 'Buchanan', 'gregorybuchanan@msn.com', 'gregorybuchanan6881'),
(400, 'Sterling', 'Cohen', 'sterlingcohen@msn.com', 'sterlingcohen4875'),
(401, 'Kristian', 'Mccall', 'kristianmccall@windowslive.com', 'kristianmccall0605'),
(402, 'Bradley', 'Mcfarland', 'bradleymcfarland@outlook.com', 'bradleymcfarland7444'),
(403, 'Antoine', 'Delacruz', 'antoinedelacruz@gmail.com', 'antoinedelacruz1095'),
(404, 'Dillon', 'Maldonado', 'dillonmaldonado@msn.com', 'dillonmaldonado3361'),
(405, 'Konner', 'Moran', 'konnermoran@yahoo.com.', 'konnermoran3215'),
(406, 'Zackery', 'Sheppard', 'zackerysheppard@gmail.com', 'zackerysheppard3830'),
(407, 'Spencer', 'Harper', 'spencerharper@gmail.com', 'spencerharper8953'),
(408, 'Ismael', 'Potter', 'ısmaelpotter@outlook.com', 'ısmaelpotter3890'),
(409, 'Jovanni', 'Maynard', 'jovannimaynard@msn.com', 'jovannimaynard4199'),
(410, 'Aidyn', 'Ferrell', 'aidynferrell@msn.com', 'aidynferrell9930'),
(411, 'Cole', 'Harrell', 'coleharrell@live.com', 'coleharrell7330'),
(412, 'Dillan', 'Lewis', 'dillanlewis@yahoo.com.', 'dillanlewis5314'),
(413, 'Holden', 'Cisneros', 'holdencisneros@msn.com', 'holdencisneros6164'),
(414, 'Trent', 'Collins', 'trentcollins@windowslive.com', 'trentcollins7188'),
(415, 'Houston', 'Allen', 'houstonallen@msn.com', 'houstonallen3861'),
(416, 'Giancarlo', 'Watson', 'giancarlowatson@gmail.com', 'giancarlowatson1824'),
(417, 'Darian', 'Floyd', 'darianfloyd@live.com', 'darianfloyd9826'),
(418, 'Ricky', 'Sellers', 'rickysellers@outlook.com', 'rickysellers2964'),
(419, 'Yusuf', 'Owens', 'yusufowens@outlook.com', 'yusufowens5222'),
(420, 'Jacoby', 'Key', 'jacobykey@live.com', 'jacobykey7935'),
(421, 'Jeffery', 'Jacobson', 'jefferyjacobson@windowslive.com', 'jefferyjacobson6251'),
(422, 'Sam', 'Schneider', 'samschneider@gmail.com', 'samschneider7833'),
(423, 'Jase', 'Poole', 'jasepoole@live.com', 'jasepoole2314'),
(424, 'Shane', 'Nielsen', 'shanenielsen@msn.com', 'shanenielsen6293'),
(425, 'Roger', 'Miranda', 'rogermiranda@windowslive.com', 'rogermiranda0092'),
(426, 'Deegan', 'Lynn', 'deeganlynn@outlook.com', 'deeganlynn4565'),
(427, 'Tyrell', 'Figueroa', 'tyrellfigueroa@live.com', 'tyrellfigueroa2854'),
(428, 'Jake', 'Richard', 'jakerichard@gmail.com', 'jakerichard9004'),
(429, 'Luka', 'Jensen', 'lukajensen@windowslive.com', 'lukajensen5593'),
(430, 'Gavin', 'Whitaker', 'gavinwhitaker@gmail.com', 'gavinwhitaker6273'),
(431, 'Aiden', 'Santana', 'aidensantana@outlook.com', 'aidensantana3800'),
(432, 'Jackson', 'Dalton', 'jacksondalton@live.com', 'jacksondalton2473'),
(433, 'Kristopher', 'Galvan', 'kristophergalvan@gmail.com', 'kristophergalvan0194'),
(434, 'Marc', 'Little', 'marclittle@yahoo.com.', 'marclittle4496'),
(435, 'King', 'Finley', 'kingfinley@msn.com', 'kingfinley8759'),
(436, 'Waylon', 'Frank', 'waylonfrank@yahoo.com.', 'waylonfrank6471'),
(437, 'Kobe', 'Adkins', 'kobeadkins@windowslive.com', 'kobeadkins4696'),
(438, 'Jamal', 'Eaton', 'jamaleaton@msn.com', 'jamaleaton5640'),
(439, 'Cade', 'Mejia', 'cademejia@outlook.com', 'cademejia6966'),
(440, 'Milo', 'Whitehead', 'milowhitehead@windowslive.com', 'milowhitehead8163'),
(441, 'Adan', 'Abbott', 'adanabbott@outlook.com', 'adanabbott6553'),
(442, 'Luis', 'Robertson', 'luisrobertson@windowslive.com', 'luisrobertson7386'),
(443, 'Talon', 'Farley', 'talonfarley@windowslive.com', 'talonfarley2171'),
(444, 'Davin', 'Conner', 'davinconner@msn.com', 'davinconner8865'),
(445, 'Alessandro', 'Sweeney', 'alessandrosweeney@yahoo.com.', 'alessandrosweeney8412'),
(446, 'Nikhil', 'Boyer', 'nikhilboyer@outlook.com', 'nikhilboyer8846'),
(447, 'Vance', 'Wall', 'vancewall@outlook.com', 'vancewall4971'),
(448, 'Killian', 'Case', 'killiancase@live.com', 'killiancase0532'),
(449, 'Baron', 'Andersen', 'baronandersen@live.com', 'baronandersen6041'),
(450, 'Darnell', 'Kaiser', 'darnellkaiser@live.com', 'darnellkaiser6051'),
(451, 'Landen', 'Burnett', 'landenburnett@gmail.com', 'landenburnett5315'),
(452, 'Ivan', 'Farmer', 'ıvanfarmer@gmail.com', 'ıvanfarmer8860'),
(453, 'Joshua', 'Perez', 'joshuaperez@gmail.com', 'joshuaperez9020'),
(454, 'Joey', 'Rollins', 'joeyrollins@windowslive.com', 'joeyrollins3083'),
(455, 'Jonas', 'Cardenas', 'jonascardenas@yahoo.com.', 'jonascardenas3777'),
(456, 'Liam', 'Dorsey', 'liamdorsey@gmail.com', 'liamdorsey8737'),
(457, 'Duncan', 'Mcintyre', 'duncanmcintyre@live.com', 'duncanmcintyre1017'),
(458, 'Adrien', 'Holmes', 'adrienholmes@gmail.com', 'adrienholmes4866'),
(459, 'Martin', 'Koch', 'martinkoch@yahoo.com.', 'martinkoch1763'),
(460, 'Alonso', 'Horton', 'alonsohorton@outlook.com', 'alonsohorton1855'),
(461, 'Rashad', 'Salas', 'rashadsalas@yahoo.com.', 'rashadsalas0074'),
(462, 'Yair', 'Harmon', 'yairharmon@windowslive.com', 'yairharmon8397'),
(463, 'Esteban', 'Summers', 'estebansummers@live.com', 'estebansummers5927'),
(464, 'Brent', 'Cunningham', 'brentcunningham@gmail.com', 'brentcunningham0282'),
(465, 'Rudy', 'Martinez', 'rudymartinez@msn.com', 'rudymartinez5137'),
(466, 'Dereon', 'Palmer', 'dereonpalmer@live.com', 'dereonpalmer7603'),
(467, 'Colt', 'Brady', 'coltbrady@msn.com', 'coltbrady0273'),
(468, 'Steve', 'Bean', 'stevebean@live.com', 'stevebean9082'),
(469, 'Valentino', 'Reed', 'valentinoreed@windowslive.com', 'valentinoreed7204'),
(470, 'Craig', 'Leach', 'craigleach@windowslive.com', 'craigleach3834'),
(471, 'Ryland', 'Blevins', 'rylandblevins@yahoo.com.', 'rylandblevins5493'),
(472, 'Cannon', 'Sullivan', 'cannonsullivan@msn.com', 'cannonsullivan5326'),
(473, 'Ramon', 'Arroyo', 'ramonarroyo@yahoo.com.', 'ramonarroyo3467'),
(474, 'Reid', 'Gaines', 'reidgaines@outlook.com', 'reidgaines2643'),
(475, 'Nelson', 'Reid', 'nelsonreid@live.com', 'nelsonreid0364'),
(476, 'Kieran', 'Oliver', 'kieranoliver@windowslive.com', 'kieranoliver7961'),
(477, 'Jean', 'Schultz', 'jeanschultz@windowslive.com', 'jeanschultz7759'),
(478, 'Leo', 'Braun', 'leobraun@gmail.com', 'leobraun9048'),
(479, 'Caiden', 'Cline', 'caidencline@gmail.com', 'caidencline2367'),
(480, 'Lane', 'Blake', 'laneblake@gmail.com', 'laneblake3252'),
(481, 'Bryan', 'Reese', 'bryanreese@msn.com', 'bryanreese5331'),
(482, 'Matthias', 'Mann', 'matthiasmann@yahoo.com.', 'matthiasmann1588'),
(483, 'Abram', 'Page', 'abrampage@outlook.com', 'abrampage2327'),
(484, 'Ayaan', 'Roberson', 'ayaanroberson@outlook.com', 'ayaanroberson2213'),
(485, 'Jorden', 'Park', 'jordenpark@outlook.com', 'jordenpark7267'),
(486, 'Maurice', 'Bradford', 'mauricebradford@windowslive.com', 'mauricebradford7354'),
(487, 'Eduardo', 'Salinas', 'eduardosalinas@outlook.com', 'eduardosalinas4787'),
(488, 'Brogan', 'Burch', 'broganburch@gmail.com', 'broganburch1369'),
(489, 'Philip', 'Shields', 'philipshields@outlook.com', 'philipshields9233'),
(490, 'Shamar', 'Singleton', 'shamarsingleton@yahoo.com.', 'shamarsingleton2895'),
(491, 'Damari', 'Ray', 'damariray@windowslive.com', 'damariray5080'),
(492, 'Jameson', 'Valenzuela', 'jamesonvalenzuela@live.com', 'jamesonvalenzuela3659'),
(493, 'Sean', 'Bass', 'seanbass@live.com', 'seanbass3659'),
(494, 'Malaki', 'Serrano', 'malakiserrano@gmail.com', 'malakiserrano5178'),
(495, 'London', 'Sexton', 'londonsexton@windowslive.com', 'londonsexton5298'),
(496, 'Keshawn', 'Shea', 'keshawnshea@gmail.com', 'keshawnshea0784'),
(497, 'Graham', 'Romero', 'grahamromero@windowslive.com', 'grahamromero3862'),
(498, 'Armando', 'Chase', 'armandochase@windowslive.com', 'armandochase3878'),
(499, 'Cortez', 'Haynes', 'cortezhaynes@live.com', 'cortezhaynes1065'),
(500, 'Marques', 'Gibbs', 'marquesgibbs@live.com', 'marquesgibbs4560'),
(501, 'Reuben', 'House', 'reubenhouse@yahoo.com.', 'reubenhouse6885'),
(502, 'Marvin', 'Craig', 'marvincraig@outlook.com', 'marvincraig9697'),
(503, 'Korbin', 'Benitez', 'korbinbenitez@gmail.com', 'korbinbenitez6449'),
(504, 'Cruz', 'Cherry', 'cruzcherry@gmail.com', 'cruzcherry2405'),
(505, 'Melvin', 'Mills', 'melvinmills@windowslive.com', 'melvinmills9586'),
(506, 'Julius', 'Stout', 'juliusstout@live.com', 'juliusstout0726'),
(507, 'Yael', 'Freeman', 'yaelfreeman@live.com', 'yaelfreeman1260'),
(508, 'Derek', 'Scott', 'derekscott@yahoo.com.', 'derekscott2521'),
(509, 'Braxton', 'Wade', 'braxtonwade@gmail.com', 'braxtonwade7744'),
(510, 'Jagger', 'Hale', 'jaggerhale@outlook.com', 'jaggerhale5292'),
(511, 'Sebastian', 'Kennedy', 'sebastiankennedy@yahoo.com.', 'sebastiankennedy5576'),
(512, 'Landyn', 'York', 'landynyork@live.com', 'landynyork0439'),
(513, 'Sammy', 'Gilmore', 'sammygilmore@yahoo.com.', 'sammygilmore0208'),
(514, 'Lyric', 'Davila', 'lyricdavila@yahoo.com.', 'lyricdavila7323'),
(515, 'Coleman', 'Barker', 'colemanbarker@windowslive.com', 'colemanbarker4538'),
(516, 'Braydon', 'Fischer', 'braydonfischer@windowslive.com', 'braydonfischer5145'),
(517, 'Derrick', 'Kane', 'derrickkane@outlook.com', 'derrickkane8535'),
(518, 'Leonidas', 'Blankenship', 'leonidasblankenship@msn.com', 'leonidasblankenship9917'),
(519, 'Grayson', 'Vance', 'graysonvance@windowslive.com', 'graysonvance2369'),
(520, 'Beckett', 'Bentley', 'beckettbentley@windowslive.com', 'beckettbentley3596'),
(521, 'Tony', 'Mayo', 'tonymayo@msn.com', 'tonymayo6846'),
(522, 'Donte', 'Madden', 'dontemadden@msn.com', 'dontemadden7521'),
(523, 'Kevin', 'Hahn', 'kevinhahn@gmail.com', 'kevinhahn4957'),
(524, 'Remington', 'Jennings', 'remingtonjennings@live.com', 'remingtonjennings1020'),
(525, 'Tommy', 'Barry', 'tommybarry@gmail.com', 'tommybarry1151'),
(526, 'Jessie', 'Faulkner', 'jessiefaulkner@windowslive.com', 'jessiefaulkner1781'),
(527, 'Hayden', 'Parsons', 'haydenparsons@windowslive.com', 'haydenparsons5082'),
(528, 'Julian', 'Villa', 'julianvilla@gmail.com', 'julianvilla1423'),
(529, 'Aron', 'Middleton', 'aronmiddleton@live.com', 'aronmiddleton6176'),
(530, 'Israel', 'Church', 'ısraelchurch@msn.com', 'ısraelchurch6423'),
(531, 'Dwayne', 'Avery', 'dwayneavery@msn.com', 'dwayneavery1461'),
(532, 'Vincent', 'Mckenzie', 'vincentmckenzie@live.com', 'vincentmckenzie3542'),
(533, 'Everett', 'Ayers', 'everettayers@live.com', 'everettayers2545'),
(534, 'Marlon', 'Vega', 'marlonvega@outlook.com', 'marlonvega5987'),
(535, 'Braden', 'Stevens', 'bradenstevens@outlook.com', 'bradenstevens4195'),
(536, 'Casey', 'Oconnell', 'caseyoconnell@windowslive.com', 'caseyoconnell9135'),
(537, 'Devan', 'Cain', 'devancain@windowslive.com', 'devancain4423'),
(538, 'Troy', 'Sawyer', 'troysawyer@live.com', 'troysawyer2261'),
(539, 'Quincy', 'Proctor', 'quincyproctor@msn.com', 'quincyproctor7206'),
(540, 'Isai', 'Hopkins', 'ısaihopkins@live.com', 'ısaihopkins7516'),
(541, 'Justus', 'Robles', 'justusrobles@yahoo.com.', 'justusrobles0981'),
(542, 'Omar', 'Russell', 'omarrussell@msn.com', 'omarrussell9200'),
(543, 'Jamarion', 'Martin', 'jamarionmartin@windowslive.com', 'jamarionmartin5129'),
(544, 'Emiliano', 'Frost', 'emilianofrost@outlook.com', 'emilianofrost4436'),
(545, 'Micah', 'Carey', 'micahcarey@live.com', 'micahcarey7984'),
(546, 'Davian', 'Hines', 'davianhines@windowslive.com', 'davianhines3487'),
(547, 'Ethen', 'Brandt', 'ethenbrandt@live.com', 'ethenbrandt2490'),
(548, 'Allen', 'Kramer', 'allenkramer@live.com', 'allenkramer6471'),
(549, 'Dominic', 'Ponce', 'dominicponce@live.com', 'dominicponce1850'),
(550, 'Angelo', 'Logan', 'angelologan@live.com', 'angelologan2506'),
(551, 'Elian', 'Carr', 'eliancarr@msn.com', 'eliancarr2641'),
(552, 'Nico', 'Hooper', 'nicohooper@yahoo.com.', 'nicohooper7476'),
(553, 'Rocco', 'Castaneda', 'roccocastaneda@gmail.com', 'roccocastaneda6077'),
(554, 'Chance', 'Crosby', 'chancecrosby@msn.com', 'chancecrosby0391'),
(555, 'Dangelo', 'Gould', 'dangelogould@gmail.com', 'dangelogould8027'),
(556, 'Messiah', 'Berg', 'messiahberg@yahoo.com.', 'messiahberg7358'),
(557, 'Omari', 'Payne', 'omaripayne@yahoo.com.', 'omaripayne6192'),
(558, 'Jordyn', 'Rojas', 'jordynrojas@yahoo.com.', 'jordynrojas0665'),
(559, 'Dayton', 'Burns', 'daytonburns@yahoo.com.', 'daytonburns1298'),
(560, 'Nicolas', 'Hartman', 'nicolashartman@live.com', 'nicolashartman3798'),
(561, 'Samson', 'Pacheco', 'samsonpacheco@yahoo.com.', 'samsonpacheco5157'),
(562, 'Tucker', 'Watts', 'tuckerwatts@gmail.com', 'tuckerwatts1201'),
(563, 'Maxwell', 'Oneill', 'maxwelloneill@windowslive.com', 'maxwelloneill1377'),
(564, 'Mitchell', 'Henderson', 'mitchellhenderson@msn.com', 'mitchellhenderson6524'),
(565, 'Jadiel', 'Gallegos', 'jadielgallegos@windowslive.com', 'jadielgallegos6228'),
(566, 'Jamari', 'Rowland', 'jamarirowland@live.com', 'jamarirowland4241'),
(567, 'Broderick', 'Mays', 'broderickmays@gmail.com', 'broderickmays7865'),
(568, 'Xzavier', 'Bowen', 'xzavierbowen@windowslive.com', 'xzavierbowen4805'),
(569, 'Kendrick', 'Obrien', 'kendrickobrien@outlook.com', 'kendrickobrien9388'),
(570, 'River', 'Leblanc', 'riverleblanc@yahoo.com.', 'riverleblanc9768'),
(571, 'Zander', 'Jordan', 'zanderjordan@yahoo.com.', 'zanderjordan7375'),
(572, 'Easton', 'Bryant', 'eastonbryant@outlook.com', 'eastonbryant6758'),
(573, 'Javier', 'Meyer', 'javiermeyer@msn.com', 'javiermeyer9895'),
(574, 'Pranav', 'Bishop', 'pranavbishop@gmail.com', 'pranavbishop9607'),
(575, 'Damion', 'Sutton', 'damionsutton@gmail.com', 'damionsutton1539'),
(576, 'Alexis', 'Morales', 'alexismorales@windowslive.com', 'alexismorales2325'),
(577, 'Quinn', 'Fuentes', 'quinnfuentes@outlook.com', 'quinnfuentes3866'),
(578, 'Jarrett', 'Thompson', 'jarrettthompson@yahoo.com.', 'jarrettthompson7764'),
(579, 'Noah', 'Haley', 'noahhaley@msn.com', 'noahhaley8450'),
(580, 'Micheal', 'Terry', 'michealterry@msn.com', 'michealterry1240'),
(581, 'Bryant', 'Holland', 'bryantholland@windowslive.com', 'bryantholland9306'),
(582, 'Johnny', 'Carter', 'johnnycarter@yahoo.com.', 'johnnycarter6854'),
(583, 'Eric', 'Ingram', 'ericıngram@yahoo.com.', 'ericıngram0991'),
(584, 'Heath', 'Haney', 'heathhaney@live.com', 'heathhaney4290'),
(585, 'Terrence', 'Odonnell', 'terrenceodonnell@msn.com', 'terrenceodonnell7446'),
(586, 'Grady', 'Santos', 'gradysantos@gmail.com', 'gradysantos1967'),
(587, 'Damian', 'Ashley', 'damianashley@windowslive.com', 'damianashley6268'),
(588, 'Ali', 'Rosales', 'alirosales@live.com', 'alirosales2073'),
(589, 'Giovanni', 'Huang', 'giovannihuang@outlook.com', 'giovannihuang3340'),
(590, 'Axel', 'Hampton', 'axelhampton@live.com', 'axelhampton1672'),
(591, 'Abel', 'Rosario', 'abelrosario@gmail.com', 'abelrosario7162'),
(592, 'Mohammed', 'Elliott', 'mohammedelliott@live.com', 'mohammedelliott3860'),
(593, 'Aden', 'Gill', 'adengill@gmail.com', 'adengill5518'),
(594, 'Felix', 'Phelps', 'felixphelps@gmail.com', 'felixphelps1673'),
(595, 'Uriel', 'Cooley', 'urielcooley@live.com', 'urielcooley4249'),
(596, 'Layton', 'Mooney', 'laytonmooney@yahoo.com.', 'laytonmooney7603'),
(597, 'Ulises', 'Parks', 'ulisesparks@yahoo.com.', 'ulisesparks4574'),
(598, 'Ernesto', 'Williams', 'ernestowilliams@windowslive.com', 'ernestowilliams7728'),
(599, 'Darius', 'Weiss', 'dariusweiss@windowslive.com', 'dariusweiss8154'),
(600, 'Boston', 'Simmons', 'bostonsimmons@outlook.com', 'bostonsimmons1712');

-- --------------------------------------------------------

--
-- Table structure for table `operation`
--

CREATE TABLE `operation` (
  `OperationID` int(11) NOT NULL,
  `OperationName` varchar(20) COLLATE utf8_unicode_ci NOT NULL,
  `Price` double NOT NULL
) ENGINE=InnoDB DEFAULT CHARSET=utf8 COLLATE=utf8_unicode_ci;

--
-- Dumping data for table `operation`
--

INSERT INTO `operation` (`OperationID`, `OperationName`, `Price`) VALUES
(1, 'Hair Cut', 15),
(2, 'Hair Cut Under 14', 12),
(3, 'Razor Cut', 8),
(4, 'Beard Trim', 10),
(5, 'Head Shave', 3),
(6, 'Wax', 5),
(7, 'Hair Coloring', 50);

-- --------------------------------------------------------

--
-- Table structure for table `operation_selection`
--

CREATE TABLE `operation_selection` (
  `SelectionID` bigint(11) NOT NULL,
  `ReservationID` bigint(20) NOT NULL,
  `OperationID` int(11) NOT NULL
) ENGINE=InnoDB DEFAULT CHARSET=utf8 COLLATE=utf8_unicode_ci;

--
-- Dumping data for table `operation_selection`
--

INSERT INTO `operation_selection` (`SelectionID`, `ReservationID`, `OperationID`) VALUES
(210101113077, 21010111307, 7),
(210104153077, 21010415307, 7),
(210105150013, 21010515001, 3),
(210105150017, 21010515001, 7),
(210108160025, 21010816002, 5),
(210108163086, 21010816308, 6),
(210114173034, 21011417303, 4),
(210118090017, 21011809001, 7),
(210118093041, 21011809304, 1),
(210118130026, 21011813002, 6),
(210119080073, 21011908007, 3),
(210126083014, 21012608301, 4),
(210126160025, 21012616002, 5),
(210126160027, 21012616002, 7),
(210128110082, 21012811008, 2),
(210128170025, 21012817002, 5),
(210129113034, 21012911303, 4),
(210201090015, 21020109001, 5),
(210201090016, 21020109001, 6),
(210201090041, 21020109004, 1),
(210201090042, 21020109004, 2),
(210202103091, 21020210309, 1),
(210202123096, 21020212309, 6),
(210203103083, 21020310308, 3),
(210203140037, 21020314003, 7),
(210203173084, 21020317308, 4),
(210204113081, 21020411308, 1),
(210204113084, 21020411308, 4),
(210204123034, 21020412303, 4),
(210208130033, 21020813003, 3),
(210208173075, 21020817307, 5),
(210209163071, 21020916307, 1),
(210209163072, 21020916307, 2),
(210212103014, 21021210301, 4),
(210212130033, 21021213003, 3),
(210215160073, 21021516007, 3),
(210215160075, 21021516007, 5),
(210215160086, 21021516008, 6),
(210215193071, 21021519307, 1),
(210218163097, 21021816309, 7),
(210223153013, 21022315301, 3),
(210224110071, 21022411007, 1),
(210225143034, 21022514303, 4),
(210226133035, 21022613303, 5),
(210226150043, 21022615004, 3),
(210226173022, 21022617302, 2),
(210226173024, 21022617302, 4),
(210226173025, 21022617302, 5),
(210304110027, 21030411002, 7),
(210304120073, 21030412007, 3),
(210304120076, 21030412007, 6),
(210308123033, 21030812303, 3),
(210308123036, 21030812303, 6),
(210309080042, 21030908004, 2),
(210309080044, 21030908004, 4),
(210309080045, 21030908004, 5),
(210309163082, 21030916308, 2),
(210309163083, 21030916308, 3),
(210309163084, 21030916308, 4),
(210310123047, 21031012304, 7),
(210310133096, 21031013309, 6),
(210310140035, 21031014003, 5),
(210316133041, 21031613304, 1),
(210316133042, 21031613304, 2),
(210317143012, 21031714301, 2),
(210319140097, 21031914009, 7),
(210323173044, 21032317304, 4),
(210324130023, 21032413002, 3),
(210324130026, 21032413002, 6),
(210326123042, 21032612304, 2),
(210326123046, 21032612304, 6),
(210329190072, 21032919007, 2),
(210329190075, 21032919007, 5),
(210330120022, 21033012002, 2),
(210331093014, 21033109301, 4),
(210331130071, 21033113007, 1),
(210331130076, 21033113007, 6),
(210331133012, 21033113301, 2),
(210405110022, 21040511002, 2),
(210405140032, 21040514003, 2),
(210405140033, 21040514003, 3),
(210405183082, 21040518308, 2),
(210407163074, 21040716307, 4),
(210408143021, 21040814302, 1),
(210408143084, 21040814308, 4),
(210408143086, 21040814308, 6),
(210408143087, 21040814308, 7),
(210414083024, 21041408302, 4),
(210414083027, 21041408302, 7),
(210414093093, 21041409309, 3),
(210414093096, 21041409309, 6),
(210415133074, 21041513307, 4),
(210415143047, 21041514304, 7),
(210415163012, 21041516301, 2),
(210416083012, 21041608301, 2),
(210416143023, 21041614302, 3),
(210419123023, 21041912302, 3),
(210419123024, 21041912302, 4),
(210419123031, 21041912303, 1),
(210420113045, 21042011304, 5),
(210421140093, 21042114009, 3),
(210422093041, 21042209304, 1),
(210426153092, 21042615309, 2),
(210428150081, 21042815008, 1),
(210428150084, 21042815008, 4),
(210428150085, 21042815008, 5),
(210429190077, 21042919007, 7),
(210429193025, 21042919302, 5),
(210430080023, 21043008002, 3),
(210430080025, 21043008002, 5),
(210504103047, 21050410304, 7),
(210504180072, 21050418007, 2),
(210504180077, 21050418007, 7),
(210505183081, 21050518308, 1),
(210510153092, 21051015309, 2),
(210518150097, 21051815009, 7),
(210519110046, 21051911004, 6),
(210519193041, 21051919304, 1),
(210519193043, 21051919304, 3),
(210519193045, 21051919304, 5),
(210520163031, 21052016303, 1),
(210520163037, 21052016303, 7),
(210520190072, 21052019007, 2),
(210524190087, 21052419008, 7),
(210525153014, 21052515301, 4),
(210525163071, 21052516307, 1),
(210525200041, 21052520004, 1),
(210526120095, 21052612009, 5),
(210526140042, 21052614004, 2),
(210526143083, 21052614308, 3),
(210527160075, 21052716007, 5),
(210527160077, 21052716007, 7),
(210528130083, 21052813008, 3),
(210528130084, 21052813008, 4),
(210528130086, 21052813008, 6),
(210601150075, 21060115007, 5),
(210601150076, 21060115007, 6),
(210601163036, 21060116303, 6),
(210601183076, 21060118307, 6),
(210601193082, 21060119308, 2),
(210601193083, 21060119308, 3),
(210602150093, 21060215009, 3),
(210602163044, 21060216304, 4),
(210603083073, 21060308307, 3),
(210603123043, 21060312304, 3),
(210603160011, 21060316001, 1),
(210604130097, 21060413009, 7),
(210604190037, 21060419003, 7),
(210607150083, 21060715008, 3),
(210607180071, 21060718007, 1),
(210607180073, 21060718007, 3),
(210607200021, 21060720002, 1),
(210607200023, 21060720002, 3),
(210607200024, 21060720002, 4),
(210607200027, 21060720002, 7),
(210608180011, 21060818001, 1),
(210608180035, 21060818003, 5),
(210609093031, 21060909303, 1),
(210610083042, 21061008304, 2),
(210610083045, 21061008304, 5),
(210610113015, 21061011301, 5),
(210610163031, 21061016303, 1),
(210610163035, 21061016303, 5),
(210610163036, 21061016303, 6),
(210615083041, 21061508304, 1),
(210616163033, 21061616303, 3),
(210616170041, 21061617004, 1),
(210616193021, 21061619302, 1),
(210616193025, 21061619302, 5),
(210616193026, 21061619302, 6),
(210621153081, 21062115308, 1),
(210622123037, 21062212303, 7),
(210622133077, 21062213307, 7),
(210622193071, 21062219307, 1),
(210624123026, 21062412302, 6),
(210624200022, 21062420002, 2),
(210624200026, 21062420002, 6),
(210625090076, 21062509007, 6),
(210625090077, 21062509007, 7),
(210625093081, 21062509308, 1),
(210629133086, 21062913308, 6),
(210629140074, 21062914007, 4),
(210629140076, 21062914007, 6),
(210629140077, 21062914007, 7),
(210629143076, 21062914307, 6),
(210630100083, 21063010008, 3),
(210630110083, 21063011008, 3),
(210630163076, 21063016307, 6),
(210702200031, 21070220003, 1),
(210702200032, 21070220003, 2),
(210702200033, 21070220003, 3),
(210706110082, 21070611008, 2),
(210706110083, 21070611008, 3),
(210706110085, 21070611008, 5),
(210706150031, 21070615003, 1),
(210707100025, 21070710002, 5),
(210708183035, 21070818303, 5),
(210708183036, 21070818303, 6),
(210709133025, 21070913302, 5),
(210712143072, 21071214307, 2),
(210712143074, 21071214307, 4),
(210712143075, 21071214307, 5),
(210712150071, 21071215007, 1),
(210712150074, 21071215007, 4),
(210714083076, 21071408307, 6),
(210714140073, 21071414007, 3),
(210715193022, 21071519302, 2),
(210720080017, 21072008001, 7),
(210721200033, 21072120003, 3),
(210722140021, 21072214002, 1),
(210722140023, 21072214002, 3),
(210727100044, 21072710004, 4),
(210727100046, 21072710004, 6),
(210727100047, 21072710004, 7),
(210727110074, 21072711007, 4),
(210727110076, 21072711007, 6),
(210727120011, 21072712001, 1),
(210730083047, 21073008304, 7),
(210730110085, 21073011008, 5),
(210730110087, 21073011008, 7),
(210804080022, 21080408002, 2),
(210806140041, 21080614004, 1),
(210806140043, 21080614004, 3),
(210806140046, 21080614004, 6),
(210806140047, 21080614004, 7),
(210809093013, 21080909301, 3),
(210809093016, 21080909301, 6),
(210809160081, 21080916008, 1),
(210809160086, 21080916008, 6),
(210809160087, 21080916008, 7),
(210809183044, 21080918304, 4),
(210811200016, 21081120001, 6),
(210817100083, 21081710008, 3),
(210817100085, 21081710008, 5),
(210817130096, 21081713009, 6),
(210818093012, 21081809301, 2),
(210818120094, 21081812009, 4),
(210818140026, 21081814002, 6),
(210820120026, 21082012002, 6),
(210824100071, 21082410007, 1),
(210824120071, 21082412007, 1),
(210824120077, 21082412007, 7),
(210825090022, 21082509002, 2),
(210825133012, 21082513301, 2),
(210825133017, 21082513301, 7),
(210825183085, 21082518308, 5),
(210902170071, 21090217007, 1),
(210902170072, 21090217007, 2),
(210902170075, 21090217007, 5),
(210902170076, 21090217007, 6),
(210903133084, 21090313308, 4),
(210906110086, 21090611008, 6),
(210906133094, 21090613309, 4),
(210906133096, 21090613309, 6),
(210906143012, 21090614301, 2),
(210906143017, 21090614301, 7),
(210906150094, 21090615009, 4),
(210908090041, 21090809004, 1),
(210910113091, 21091011309, 1),
(210914120024, 21091412002, 4),
(210915143011, 21091514301, 1),
(210915143015, 21091514301, 5),
(210915143016, 21091514301, 6),
(210915200091, 21091520009, 1),
(210915200092, 21091520009, 2),
(210916120021, 21091612002, 1),
(210917153084, 21091715308, 4),
(210920093093, 21092009309, 3),
(210920093097, 21092009309, 7),
(210921123087, 21092112308, 7),
(210921180041, 21092118004, 1),
(210922093021, 21092209302, 1),
(210922093022, 21092209302, 2),
(210922150041, 21092215004, 1),
(210922150043, 21092215004, 3),
(210922173091, 21092217309, 1),
(210922173093, 21092217309, 3),
(210923093043, 21092309304, 3),
(210923093046, 21092309304, 6),
(210923190074, 21092319007, 4),
(210924090085, 21092409008, 5),
(210927080016, 21092708001, 6),
(210928113044, 21092811304, 4),
(210928113046, 21092811304, 6),
(210928150084, 21092815008, 4),
(210928193036, 21092819303, 6),
(210929100074, 21092910007, 4),
(210929100076, 21092910007, 6),
(210929150071, 21092915007, 1),
(210929150072, 21092915007, 2),
(210929150074, 21092915007, 4),
(210930100085, 21093010008, 5),
(210930163091, 21093016309, 1),
(211001080022, 21100108002, 2),
(211005103075, 21100510307, 5),
(211006133042, 21100613304, 2),
(211006133044, 21100613304, 4),
(211006143015, 21100614301, 5),
(211008180017, 21100818001, 7),
(211011103017, 21101110301, 7),
(211014120081, 21101412008, 1),
(211014153095, 21101415309, 5),
(211014153097, 21101415309, 7),
(211015093076, 21101509307, 6),
(211019090011, 21101909001, 1),
(211025160034, 21102516003, 4),
(211025160045, 21102516004, 5),
(211025160047, 21102516004, 7),
(211026190071, 21102619007, 1),
(211026190073, 21102619007, 3),
(211026190076, 21102619007, 6),
(211028190017, 21102819001, 7),
(211029183073, 21102918307, 3),
(211029183074, 21102918307, 4),
(211029183076, 21102918307, 6),
(211101190011, 21110119001, 1),
(211103183071, 21110318307, 1),
(211103183077, 21110318307, 7),
(211104110071, 21110411007, 1),
(211105120033, 21110512003, 3),
(211105200011, 21110520001, 1),
(211105200014, 21110520001, 4),
(211105200015, 21110520001, 5),
(211108093026, 21110809302, 6),
(211108123022, 21110812302, 2),
(211108123025, 21110812302, 5),
(211108150093, 21110815009, 3),
(211108150095, 21110815009, 5),
(211108150096, 21110815009, 6),
(211109080025, 21110908002, 5),
(211109123072, 21110912307, 2),
(211109123073, 21110912307, 3),
(211109123074, 21110912307, 4),
(211110113032, 21111011303, 2),
(211110113036, 21111011303, 6),
(211110113037, 21111011303, 7),
(211115150012, 21111515001, 2),
(211116080037, 21111608003, 7),
(211116153046, 21111615304, 6),
(211118143083, 21111814308, 3),
(211118143084, 21111814308, 4),
(211118170022, 21111817002, 2),
(211122120084, 21112212008, 4),
(211122120086, 21112212008, 6),
(211123100075, 21112310007, 5),
(211123133015, 21112313301, 5),
(211125093075, 21112509307, 5),
(211125133084, 21112513308, 4),
(211125153016, 21112515301, 6),
(211126160044, 21112616004, 4),
(211129200092, 21112920009, 2),
(211130163037, 21113016303, 7),
(211201173042, 21120117304, 2),
(211201173043, 21120117304, 3),
(211201173044, 21120117304, 4),
(211201173047, 21120117304, 7),
(211202113042, 21120211304, 2),
(211203160027, 21120316002, 7),
(211204140014, 21120414001, 4),
(211205100025, 21120510002, 5),
(211206080041, 21120608004, 1),
(211206083012, 21120608301, 2),
(211206083017, 21120608301, 7),
(211206103027, 21120610302, 7),
(211206160017, 21120616001, 7),
(211207130015, 21120713001, 5),
(211208140013, 21120814001, 3),
(211208160025, 21120816002, 5),
(211209133013, 21120913301, 3),
(211209170075, 21120917007, 5),
(211210123036, 21121012303, 6),
(211210163041, 21121016304, 1),
(211213123034, 21121312303, 4),
(211213123035, 21121312303, 5),
(211213180076, 21121318007, 6),
(211214123031, 21121412303, 1),
(211214123037, 21121412303, 7),
(211214140031, 21121414003, 1),
(211215093071, 21121509307, 1),
(211216190014, 21121619001, 4),
(211217080035, 21121708003, 5),
(211217080036, 21121708003, 6),
(211217080037, 21121708003, 7),
(211218120025, 21121812002, 5),
(211219153031, 21121915303, 1),
(211219153033, 21121915303, 3),
(211219153035, 21121915303, 5),
(211219153037, 21121915303, 7),
(211220080097, 21122008009, 7),
(211221130035, 21122113003, 5),
(211221140042, 21122114004, 2),
(211223103021, 21122310302, 1),
(211223103023, 21122310302, 3),
(211223103025, 21122310302, 5),
(211223103026, 21122310302, 6),
(211223110071, 21122311007, 1),
(211223120042, 21122312004, 2),
(211224113072, 21122411307, 2),
(211224113073, 21122411307, 3),
(211224113075, 21122411307, 5),
(211224113077, 21122411307, 7),
(211224163024, 21122416302, 4),
(211224200015, 21122420001, 5),
(211225153026, 21122515302, 6),
(211226180027, 21122618002, 7),
(211227090034, 21122709003, 4),
(211227120022, 21122712002, 2),
(211227120023, 21122712002, 3),
(211227120026, 21122712002, 6),
(211227173013, 21122717301, 3),
(211227173017, 21122717301, 7),
(211228103021, 21122810302, 1),
(211228133032, 21122813303, 2),
(211228133036, 21122813303, 6),
(211229083046, 21122908304, 6),
(211229170093, 21122917009, 3),
(211229170094, 21122917009, 4),
(211229170097, 21122917009, 7),
(211229183043, 21122918304, 3),
(211229183046, 21122918304, 6),
(211230120075, 21123012007, 5),
(211230120076, 21123012007, 6),
(211230120077, 21123012007, 7),
(211230200015, 21123020001, 5),
(211231100072, 21123110007, 2),
(211231100074, 21123110007, 4),
(211231120077, 21123112007, 7),
(211231140081, 21123114008, 1),
(211231170036, 21123117003, 6),
(211231193091, 21123119309, 1),
(211231193094, 21123119309, 4),
(220101193037, 22010119303, 7),
(220102130041, 22010213004, 1),
(220102130044, 22010213004, 4),
(220102130047, 22010213004, 7),
(220104163032, 22010416303, 2),
(220105193071, 22010519307, 1),
(220105193075, 22010519307, 5),
(220108093044, 22010809304, 4),
(220110180016, 22011018001, 6),
(220111180035, 22011118003, 5),
(220113130031, 22011313003, 1),
(220114200011, 22011420001, 1),
(220114200016, 22011420001, 6),
(220116140025, 22011614002, 5),
(220116140027, 22011614002, 7),
(220117173045, 22011717304, 5),
(220118180041, 22011818004, 1),
(220119183031, 22011918303, 1),
(220119183034, 22011918303, 4),
(220120133015, 22012013301, 5),
(220120133016, 22012013301, 6),
(220121140044, 22012114004, 4),
(220122180044, 22012218004, 4),
(220122180046, 22012218004, 6),
(220124093025, 22012409302, 5),
(220124093027, 22012409302, 7),
(220125100032, 22012510003, 2),
(220127173076, 22012717307, 6),
(220128090045, 22012809004, 5),
(220129113035, 22012911303, 5),
(220130170013, 22013017001, 3),
(220201110047, 22020111004, 7),
(220203103025, 22020310302, 5),
(220206153021, 22020615302, 1),
(220207133024, 22020713302, 4),
(220207133027, 22020713302, 7),
(220209123031, 22020912303, 1),
(220209123036, 22020912303, 6),
(220210200045, 22021020004, 5),
(220211093071, 22021109307, 1),
(220212163036, 22021216303, 6),
(220213133042, 22021313304, 2),
(220213133046, 22021313304, 6),
(220214103074, 22021410307, 4),
(220217153071, 22021715307, 1),
(220218193014, 22021819301, 4),
(220219160076, 22021916007, 6),
(220222190011, 22022219001, 1),
(220222190012, 22022219001, 2),
(220223090077, 22022309007, 7),
(220224143013, 22022414301, 3),
(220225153023, 22022515302, 3),
(220225153024, 22022515302, 4),
(220225153026, 22022515302, 6),
(220225153027, 22022515302, 7),
(220226090013, 22022609001, 3),
(220228123035, 22022812303, 5),
(220302150033, 22030215003, 3),
(220303130023, 22030313002, 3),
(220304083042, 22030408304, 2),
(220305143031, 22030514303, 1),
(220306173076, 22030617307, 6),
(220307163045, 22030716304, 5),
(220309160045, 22030916004, 5),
(220310103022, 22031010302, 2),
(220310103023, 22031010302, 3),
(220310103025, 22031010302, 5),
(220311180022, 22031118002, 2),
(220314130033, 22031413003, 3),
(220315093072, 22031509307, 2),
(220315093076, 22031509307, 6),
(220315093077, 22031509307, 7);

-- --------------------------------------------------------

--
-- Table structure for table `reservation`
--

CREATE TABLE `reservation` (
  `ReservationID` bigint(20) NOT NULL,
  `ReservationDate` date NOT NULL,
  `ReservationTime` time NOT NULL,
  `isDone` enum('-1','0','1') COLLATE utf8_unicode_ci DEFAULT '0',
  `TotalPrice` int(11) NOT NULL DEFAULT 0,
  `BarberID` int(11) NOT NULL,
  `CustomerID` int(11) NOT NULL
) ENGINE=InnoDB DEFAULT CHARSET=utf8 COLLATE=utf8_unicode_ci;

--
-- Dumping data for table `reservation`
--

INSERT INTO `reservation` (`ReservationID`, `ReservationDate`, `ReservationTime`, `isDone`, `TotalPrice`, `BarberID`, `CustomerID`) VALUES
(21010111307, '2021-01-01', '11:30:00', '-1', 50, 7, 409),
(21010415307, '2021-01-04', '15:30:00', '-1', 50, 7, 435),
(21010515001, '2021-01-05', '15:00:00', '-1', 58, 1, 436),
(21010816002, '2021-01-08', '16:00:00', '1', 3, 2, 80),
(21010816308, '2021-01-08', '16:30:00', '1', 5, 8, 468),
(21011417303, '2021-01-14', '17:30:00', '1', 10, 3, 528),
(21011809001, '2021-01-18', '09:00:00', '1', 50, 1, 492),
(21011809304, '2021-01-18', '09:30:00', '1', 15, 4, 289),
(21011813002, '2021-01-18', '13:00:00', '1', 5, 2, 391),
(21011908007, '2021-01-19', '08:00:00', '-1', 8, 7, 313),
(21012608301, '2021-01-26', '08:30:00', '-1', 10, 1, 302),
(21012616002, '2021-01-26', '16:00:00', '1', 53, 2, 344),
(21012811008, '2021-01-28', '11:00:00', '-1', 12, 8, 290),
(21012817002, '2021-01-28', '17:00:00', '1', 3, 2, 564),
(21012911303, '2021-01-29', '11:30:00', '1', 10, 3, 474),
(21020109001, '2021-02-01', '09:00:00', '-1', 8, 1, 416),
(21020109004, '2021-02-01', '09:00:00', '-1', 27, 4, 205),
(21020210309, '2021-02-02', '10:30:00', '1', 15, 9, 37),
(21020212309, '2021-02-02', '12:30:00', '1', 5, 9, 333),
(21020310308, '2021-02-03', '10:30:00', '-1', 8, 8, 593),
(21020314003, '2021-02-03', '14:00:00', '-1', 50, 3, 450),
(21020317308, '2021-02-03', '17:30:00', '1', 10, 8, 531),
(21020411308, '2021-02-04', '11:30:00', '-1', 25, 8, 24),
(21020412303, '2021-02-04', '12:30:00', '-1', 10, 3, 23),
(21020813003, '2021-02-08', '13:00:00', '-1', 8, 3, 515),
(21020817307, '2021-02-08', '17:30:00', '1', 3, 7, 433),
(21020916307, '2021-02-09', '16:30:00', '1', 27, 7, 342),
(21021210301, '2021-02-12', '10:30:00', '-1', 10, 1, 181),
(21021213003, '2021-02-12', '13:00:00', '-1', 8, 3, 232),
(21021516007, '2021-02-15', '16:00:00', '1', 11, 7, 353),
(21021516008, '2021-02-15', '16:00:00', '1', 5, 8, 523),
(21021519307, '2021-02-15', '19:30:00', '-1', 15, 7, 571),
(21021816309, '2021-02-18', '16:30:00', '1', 50, 9, 350),
(21022315301, '2021-02-23', '15:30:00', '-1', 8, 1, 546),
(21022411007, '2021-02-24', '11:00:00', '1', 15, 7, 355),
(21022514303, '2021-02-25', '14:30:00', '-1', 10, 3, 361),
(21022613303, '2021-02-26', '13:30:00', '1', 3, 3, 526),
(21022615004, '2021-02-26', '15:00:00', '1', 8, 4, 172),
(21022617302, '2021-02-26', '17:30:00', '-1', 25, 2, 213),
(21030411002, '2021-03-04', '11:00:00', '1', 50, 2, 109),
(21030412007, '2021-03-04', '12:00:00', '1', 13, 7, 261),
(21030812303, '2021-03-08', '12:30:00', '1', 13, 3, 431),
(21030908004, '2021-03-09', '08:00:00', '-1', 25, 4, 484),
(21030916308, '2021-03-09', '16:30:00', '-1', 30, 8, 250),
(21031012304, '2021-03-10', '12:30:00', '-1', 50, 4, 576),
(21031013309, '2021-03-10', '13:30:00', '1', 5, 9, 424),
(21031014003, '2021-03-10', '14:00:00', '1', 3, 3, 329),
(21031613304, '2021-03-16', '13:30:00', '-1', 27, 4, 275),
(21031714301, '2021-03-17', '14:30:00', '-1', 12, 1, 574),
(21031914009, '2021-03-19', '14:00:00', '-1', 50, 9, 322),
(21032317304, '2021-03-23', '17:30:00', '1', 10, 4, 452),
(21032413002, '2021-03-24', '13:00:00', '1', 13, 2, 168),
(21032612304, '2021-03-26', '12:30:00', '-1', 17, 4, 447),
(21032919007, '2021-03-29', '19:00:00', '-1', 15, 7, 564),
(21033012002, '2021-03-30', '12:00:00', '1', 12, 2, 547),
(21033109301, '2021-03-31', '09:30:00', '1', 10, 1, 478),
(21033113007, '2021-03-31', '13:00:00', '1', 20, 7, 575),
(21033113301, '2021-03-31', '13:30:00', '1', 12, 1, 109),
(21040511002, '2021-04-05', '11:00:00', '1', 12, 2, 302),
(21040514003, '2021-04-05', '14:00:00', '-1', 20, 3, 589),
(21040518308, '2021-04-05', '18:30:00', '-1', 12, 8, 107),
(21040716307, '2021-04-07', '16:30:00', '1', 10, 7, 495),
(21040814302, '2021-04-08', '14:30:00', '-1', 15, 2, 482),
(21040814308, '2021-04-08', '14:30:00', '1', 65, 8, 588),
(21041408302, '2021-04-14', '08:30:00', '-1', 60, 2, 242),
(21041409309, '2021-04-14', '09:30:00', '1', 13, 9, 214),
(21041513307, '2021-04-15', '13:30:00', '-1', 10, 7, 455),
(21041514304, '2021-04-15', '14:30:00', '-1', 50, 4, 150),
(21041516301, '2021-04-15', '16:30:00', '-1', 12, 1, 239),
(21041608301, '2021-04-16', '08:30:00', '-1', 12, 1, 361),
(21041614302, '2021-04-16', '14:30:00', '1', 8, 2, 241),
(21041912302, '2021-04-19', '12:30:00', '-1', 18, 2, 186),
(21041912303, '2021-04-19', '12:30:00', '1', 15, 3, 522),
(21042011304, '2021-04-20', '11:30:00', '1', 3, 4, 92),
(21042114009, '2021-04-21', '14:00:00', '-1', 8, 9, 153),
(21042209304, '2021-04-22', '09:30:00', '-1', 15, 4, 11),
(21042615309, '2021-04-26', '15:30:00', '1', 12, 9, 134),
(21042815008, '2021-04-28', '15:00:00', '1', 28, 8, 410),
(21042919007, '2021-04-29', '19:00:00', '1', 50, 7, 162),
(21042919302, '2021-04-29', '19:30:00', '-1', 3, 2, 210),
(21043008002, '2021-04-30', '08:00:00', '1', 11, 2, 200),
(21050410304, '2021-05-04', '10:30:00', '1', 50, 4, 544),
(21050418007, '2021-05-04', '18:00:00', '-1', 62, 7, 338),
(21050518308, '2021-05-05', '18:30:00', '1', 15, 8, 81),
(21051015309, '2021-05-10', '15:30:00', '1', 12, 9, 278),
(21051815009, '2021-05-18', '15:00:00', '0', 50, 9, 427),
(21051911004, '2021-05-19', '11:00:00', '0', 5, 4, 14),
(21051919304, '2021-05-19', '19:30:00', '0', 26, 4, 286),
(21052016303, '2021-05-20', '16:30:00', '0', 65, 3, 494),
(21052019007, '2021-05-20', '19:00:00', '0', 12, 7, 563),
(21052419008, '2021-05-24', '19:00:00', '0', 50, 8, 75),
(21052515301, '2021-05-25', '15:30:00', '0', 10, 1, 467),
(21052516307, '2021-05-25', '16:30:00', '0', 15, 7, 285),
(21052520004, '2021-05-25', '20:00:00', '0', 15, 4, 102),
(21052612009, '2021-05-26', '12:00:00', '0', 3, 9, 28),
(21052614004, '2021-05-26', '14:00:00', '0', 12, 4, 464),
(21052614308, '2021-05-26', '14:30:00', '0', 8, 8, 237),
(21052716007, '2021-05-27', '16:00:00', '0', 53, 7, 200),
(21052813008, '2021-05-28', '13:00:00', '0', 23, 8, 546),
(21060115007, '2021-06-01', '15:00:00', '0', 8, 7, 542),
(21060116303, '2021-06-01', '16:30:00', '0', 5, 3, 154),
(21060118307, '2021-06-01', '18:30:00', '0', 5, 7, 282),
(21060119308, '2021-06-01', '19:30:00', '0', 20, 8, 586),
(21060215009, '2021-06-02', '15:00:00', '0', 8, 9, 261),
(21060216304, '2021-06-02', '16:30:00', '0', 10, 4, 32),
(21060308307, '2021-06-03', '08:30:00', '0', 8, 7, 523),
(21060312304, '2021-06-03', '12:30:00', '0', 8, 4, 561),
(21060316001, '2021-06-03', '16:00:00', '0', 15, 1, 172),
(21060413009, '2021-06-04', '13:00:00', '0', 50, 9, 26),
(21060419003, '2021-06-04', '19:00:00', '0', 50, 3, 225),
(21060715008, '2021-06-07', '15:00:00', '0', 8, 8, 70),
(21060718007, '2021-06-07', '18:00:00', '0', 23, 7, 384),
(21060720002, '2021-06-07', '20:00:00', '0', 83, 2, 371),
(21060818001, '2021-06-08', '18:00:00', '0', 15, 1, 581),
(21060818003, '2021-06-08', '18:00:00', '0', 3, 3, 87),
(21060909303, '2021-06-09', '09:30:00', '0', 15, 3, 401),
(21061008304, '2021-06-10', '08:30:00', '0', 15, 4, 516),
(21061011301, '2021-06-10', '11:30:00', '0', 3, 1, 372),
(21061016303, '2021-06-10', '16:30:00', '0', 23, 3, 452),
(21061508304, '2021-06-15', '08:30:00', '0', 15, 4, 352),
(21061616303, '2021-06-16', '16:30:00', '0', 8, 3, 31),
(21061617004, '2021-06-16', '17:00:00', '0', 15, 4, 194),
(21061619302, '2021-06-16', '19:30:00', '0', 23, 2, 112),
(21062115308, '2021-06-21', '15:30:00', '0', 15, 8, 68),
(21062212303, '2021-06-22', '12:30:00', '0', 50, 3, 56),
(21062213307, '2021-06-22', '13:30:00', '0', 50, 7, 374),
(21062219307, '2021-06-22', '19:30:00', '0', 15, 7, 443),
(21062412302, '2021-06-24', '12:30:00', '0', 5, 2, 495),
(21062420002, '2021-06-24', '20:00:00', '0', 17, 2, 279),
(21062509007, '2021-06-25', '09:00:00', '0', 55, 7, 9),
(21062509308, '2021-06-25', '09:30:00', '0', 15, 8, 340),
(21062913308, '2021-06-29', '13:30:00', '0', 5, 8, 228),
(21062914007, '2021-06-29', '14:00:00', '0', 65, 7, 413),
(21062914307, '2021-06-29', '14:30:00', '0', 5, 7, 596),
(21063010008, '2021-06-30', '10:00:00', '0', 8, 8, 397),
(21063011008, '2021-06-30', '11:00:00', '0', 8, 8, 578),
(21063016307, '2021-06-30', '16:30:00', '0', 5, 7, 568),
(21070220003, '2021-07-02', '20:00:00', '0', 35, 3, 539),
(21070611008, '2021-07-06', '11:00:00', '0', 23, 8, 209),
(21070615003, '2021-07-06', '15:00:00', '0', 15, 3, 144),
(21070710002, '2021-07-07', '10:00:00', '0', 3, 2, 381),
(21070818303, '2021-07-08', '18:30:00', '0', 8, 3, 434),
(21070913302, '2021-07-09', '13:30:00', '0', 3, 2, 19),
(21071214307, '2021-07-12', '14:30:00', '0', 25, 7, 228),
(21071215007, '2021-07-12', '15:00:00', '0', 25, 7, 301),
(21071408307, '2021-07-14', '08:30:00', '0', 5, 7, 475),
(21071414007, '2021-07-14', '14:00:00', '0', 8, 7, 205),
(21071519302, '2021-07-15', '19:30:00', '0', 12, 2, 182),
(21072008001, '2021-07-20', '08:00:00', '0', 50, 1, 101),
(21072120003, '2021-07-21', '20:00:00', '0', 8, 3, 366),
(21072214002, '2021-07-22', '14:00:00', '0', 23, 2, 270),
(21072710004, '2021-07-27', '10:00:00', '0', 65, 4, 416),
(21072711007, '2021-07-27', '11:00:00', '0', 15, 7, 584),
(21072712001, '2021-07-27', '12:00:00', '0', 15, 1, 133),
(21073008304, '2021-07-30', '08:30:00', '0', 50, 4, 377),
(21073011008, '2021-07-30', '11:00:00', '0', 53, 8, 54),
(21080408002, '2021-08-04', '08:00:00', '0', 12, 2, 248),
(21080614004, '2021-08-06', '14:00:00', '0', 78, 4, 173),
(21080909301, '2021-08-09', '09:30:00', '0', 13, 1, 22),
(21080916008, '2021-08-09', '16:00:00', '0', 70, 8, 120),
(21080918304, '2021-08-09', '18:30:00', '0', 10, 4, 500),
(21081120001, '2021-08-11', '20:00:00', '0', 5, 1, 341),
(21081710008, '2021-08-17', '10:00:00', '0', 11, 8, 325),
(21081713009, '2021-08-17', '13:00:00', '0', 5, 9, 467),
(21081809301, '2021-08-18', '09:30:00', '0', 12, 1, 573),
(21081812009, '2021-08-18', '12:00:00', '0', 10, 9, 52),
(21081814002, '2021-08-18', '14:00:00', '0', 5, 2, 96),
(21082012002, '2021-08-20', '12:00:00', '0', 5, 2, 545),
(21082410007, '2021-08-24', '10:00:00', '0', 15, 7, 495),
(21082412007, '2021-08-24', '12:00:00', '0', 65, 7, 540),
(21082509002, '2021-08-25', '09:00:00', '0', 12, 2, 510),
(21082513301, '2021-08-25', '13:30:00', '0', 62, 1, 238),
(21082518308, '2021-08-25', '18:30:00', '0', 3, 8, 344),
(21090217007, '2021-09-02', '17:00:00', '0', 35, 7, 498),
(21090313308, '2021-09-03', '13:30:00', '0', 10, 8, 179),
(21090611008, '2021-09-06', '11:00:00', '0', 5, 8, 213),
(21090613309, '2021-09-06', '13:30:00', '0', 15, 9, 597),
(21090614301, '2021-09-06', '14:30:00', '0', 62, 1, 456),
(21090615009, '2021-09-06', '15:00:00', '0', 10, 9, 29),
(21090809004, '2021-09-08', '09:00:00', '0', 15, 4, 230),
(21091011309, '2021-09-10', '11:30:00', '0', 15, 9, 181),
(21091412002, '2021-09-14', '12:00:00', '0', 10, 2, 91),
(21091514301, '2021-09-15', '14:30:00', '0', 23, 1, 512),
(21091520009, '2021-09-15', '20:00:00', '0', 27, 9, 421),
(21091612002, '2021-09-16', '12:00:00', '0', 15, 2, 138),
(21091715308, '2021-09-17', '15:30:00', '0', 10, 8, 336),
(21092009309, '2021-09-20', '09:30:00', '0', 58, 9, 456),
(21092112308, '2021-09-21', '12:30:00', '0', 50, 8, 562),
(21092118004, '2021-09-21', '18:00:00', '0', 15, 4, 210),
(21092209302, '2021-09-22', '09:30:00', '0', 27, 2, 374),
(21092215004, '2021-09-22', '15:00:00', '0', 23, 4, 11),
(21092217309, '2021-09-22', '17:30:00', '0', 23, 9, 59),
(21092309304, '2021-09-23', '09:30:00', '0', 13, 4, 181),
(21092319007, '2021-09-23', '19:00:00', '0', 10, 7, 572),
(21092409008, '2021-09-24', '09:00:00', '0', 3, 8, 125),
(21092708001, '2021-09-27', '08:00:00', '0', 5, 1, 590),
(21092811304, '2021-09-28', '11:30:00', '0', 15, 4, 366),
(21092815008, '2021-09-28', '15:00:00', '0', 10, 8, 307),
(21092819303, '2021-09-28', '19:30:00', '0', 5, 3, 301),
(21092910007, '2021-09-29', '10:00:00', '0', 15, 7, 293),
(21092915007, '2021-09-29', '15:00:00', '0', 37, 7, 3),
(21093010008, '2021-09-30', '10:00:00', '0', 3, 8, 194),
(21093016309, '2021-09-30', '16:30:00', '0', 15, 9, 182),
(21100108002, '2021-10-01', '08:00:00', '0', 12, 2, 336),
(21100510307, '2021-10-05', '10:30:00', '0', 3, 7, 181),
(21100613304, '2021-10-06', '13:30:00', '0', 22, 4, 132),
(21100614301, '2021-10-06', '14:30:00', '0', 3, 1, 105),
(21100818001, '2021-10-08', '18:00:00', '0', 50, 1, 551),
(21101110301, '2021-10-11', '10:30:00', '0', 50, 1, 204),
(21101412008, '2021-10-14', '12:00:00', '0', 15, 8, 233),
(21101415309, '2021-10-14', '15:30:00', '0', 53, 9, 189),
(21101509307, '2021-10-15', '09:30:00', '0', 5, 7, 438),
(21101909001, '2021-10-19', '09:00:00', '0', 15, 1, 197),
(21102516003, '2021-10-25', '16:00:00', '0', 10, 3, 279),
(21102516004, '2021-10-25', '16:00:00', '0', 53, 4, 437),
(21102619007, '2021-10-26', '19:00:00', '0', 28, 7, 185),
(21102819001, '2021-10-28', '19:00:00', '0', 50, 1, 290),
(21102918307, '2021-10-29', '18:30:00', '0', 23, 7, 556),
(21110119001, '2021-11-01', '19:00:00', '0', 15, 1, 51),
(21110318307, '2021-11-03', '18:30:00', '0', 65, 7, 422),
(21110411007, '2021-11-04', '11:00:00', '0', 15, 7, 398),
(21110512003, '2021-11-05', '12:00:00', '0', 8, 3, 269),
(21110520001, '2021-11-05', '20:00:00', '0', 28, 1, 74),
(21110809302, '2021-11-08', '09:30:00', '0', 5, 2, 212),
(21110812302, '2021-11-08', '12:30:00', '0', 15, 2, 122),
(21110815009, '2021-11-08', '15:00:00', '0', 16, 9, 425),
(21110908002, '2021-11-09', '08:00:00', '0', 3, 2, 228),
(21110912307, '2021-11-09', '12:30:00', '0', 30, 7, 207),
(21111011303, '2021-11-10', '11:30:00', '0', 67, 3, 436),
(21111515001, '2021-11-15', '15:00:00', '0', 12, 1, 488),
(21111608003, '2021-11-16', '08:00:00', '0', 50, 3, 124),
(21111615304, '2021-11-16', '15:30:00', '0', 5, 4, 157),
(21111814308, '2021-11-18', '14:30:00', '0', 18, 8, 551),
(21111817002, '2021-11-18', '17:00:00', '0', 12, 2, 548),
(21112212008, '2021-11-22', '12:00:00', '0', 15, 8, 210),
(21112310007, '2021-11-23', '10:00:00', '0', 3, 7, 451),
(21112313301, '2021-11-23', '13:30:00', '0', 3, 1, 332),
(21112509307, '2021-11-25', '09:30:00', '0', 3, 7, 306),
(21112513308, '2021-11-25', '13:30:00', '0', 10, 8, 44),
(21112515301, '2021-11-25', '15:30:00', '0', 5, 1, 382),
(21112616004, '2021-11-26', '16:00:00', '0', 10, 4, 206),
(21112920009, '2021-11-29', '20:00:00', '0', 12, 9, 224),
(21113016303, '2021-11-30', '16:30:00', '0', 50, 3, 189),
(21120117304, '2021-12-01', '17:30:00', '0', 80, 4, 340),
(21120211304, '2021-12-02', '11:30:00', '0', 12, 4, 264),
(21120316002, '2021-12-03', '16:00:00', '0', 50, 2, 234),
(21120414001, '2021-12-04', '14:00:00', '0', 10, 1, 432),
(21120510002, '2021-12-05', '10:00:00', '0', 3, 2, 375),
(21120608004, '2021-12-06', '08:00:00', '0', 15, 4, 160),
(21120608301, '2021-12-06', '08:30:00', '0', 62, 1, 139),
(21120610302, '2021-12-06', '10:30:00', '0', 50, 2, 59),
(21120616001, '2021-12-06', '16:00:00', '0', 50, 1, 92),
(21120713001, '2021-12-07', '13:00:00', '0', 3, 1, 479),
(21120814001, '2021-12-08', '14:00:00', '0', 8, 1, 306),
(21120816002, '2021-12-08', '16:00:00', '0', 3, 2, 47),
(21120913301, '2021-12-09', '13:30:00', '0', 8, 1, 493),
(21120917007, '2021-12-09', '17:00:00', '0', 3, 7, 162),
(21121012303, '2021-12-10', '12:30:00', '0', 5, 3, 243),
(21121016304, '2021-12-10', '16:30:00', '0', 15, 4, 355),
(21121312303, '2021-12-13', '12:30:00', '0', 13, 3, 591),
(21121318007, '2021-12-13', '18:00:00', '0', 5, 7, 554),
(21121412303, '2021-12-14', '12:30:00', '0', 65, 3, 346),
(21121414003, '2021-12-14', '14:00:00', '0', 15, 3, 19),
(21121509307, '2021-12-15', '09:30:00', '0', 15, 7, 534),
(21121619001, '2021-12-16', '19:00:00', '0', 10, 1, 492),
(21121708003, '2021-12-17', '08:00:00', '0', 58, 3, 123),
(21121812002, '2021-12-18', '12:00:00', '0', 3, 2, 114),
(21121915303, '2021-12-19', '15:30:00', '0', 76, 3, 142),
(21122008009, '2021-12-20', '08:00:00', '0', 50, 9, 325),
(21122113003, '2021-12-21', '13:00:00', '0', 3, 3, 410),
(21122114004, '2021-12-21', '14:00:00', '0', 12, 4, 440),
(21122310302, '2021-12-23', '10:30:00', '0', 31, 2, 260),
(21122311007, '2021-12-23', '11:00:00', '0', 15, 7, 552),
(21122312004, '2021-12-23', '12:00:00', '0', 12, 4, 24),
(21122411307, '2021-12-24', '11:30:00', '0', 73, 7, 600),
(21122416302, '2021-12-24', '16:30:00', '0', 10, 2, 80),
(21122420001, '2021-12-24', '20:00:00', '0', 3, 1, 118),
(21122515302, '2021-12-25', '15:30:00', '0', 5, 2, 407),
(21122618002, '2021-12-26', '18:00:00', '0', 50, 2, 42),
(21122709003, '2021-12-27', '09:00:00', '0', 10, 3, 570),
(21122712002, '2021-12-27', '12:00:00', '0', 25, 2, 482),
(21122717301, '2021-12-27', '17:30:00', '0', 58, 1, 233),
(21122810302, '2021-12-28', '10:30:00', '0', 15, 2, 115),
(21122813303, '2021-12-28', '13:30:00', '0', 17, 3, 332),
(21122908304, '2021-12-29', '08:30:00', '0', 5, 4, 71),
(21122917009, '2021-12-29', '17:00:00', '0', 68, 9, 479),
(21122918304, '2021-12-29', '18:30:00', '0', 13, 4, 528),
(21123012007, '2021-12-30', '12:00:00', '0', 58, 7, 285),
(21123020001, '2021-12-30', '20:00:00', '0', 3, 1, 485),
(21123110007, '2021-12-31', '10:00:00', '0', 22, 7, 77),
(21123112007, '2021-12-31', '12:00:00', '0', 50, 7, 411),
(21123114008, '2021-12-31', '14:00:00', '0', 15, 8, 377),
(21123117003, '2021-12-31', '17:00:00', '0', 5, 3, 261),
(21123119309, '2021-12-31', '19:30:00', '0', 25, 9, 61),
(22010119303, '2022-01-01', '19:30:00', '0', 50, 3, 244),
(22010213004, '2022-01-02', '13:00:00', '0', 75, 4, 240),
(22010416303, '2022-01-04', '16:30:00', '0', 12, 3, 61),
(22010519307, '2022-01-05', '19:30:00', '0', 18, 7, 272),
(22010809304, '2022-01-08', '09:30:00', '0', 10, 4, 529),
(22011018001, '2022-01-10', '18:00:00', '0', 5, 1, 291),
(22011118003, '2022-01-11', '18:00:00', '0', 3, 3, 239),
(22011313003, '2022-01-13', '13:00:00', '0', 15, 3, 253),
(22011420001, '2022-01-14', '20:00:00', '0', 20, 1, 303),
(22011614002, '2022-01-16', '14:00:00', '0', 53, 2, 166),
(22011717304, '2022-01-17', '17:30:00', '0', 3, 4, 196),
(22011818004, '2022-01-18', '18:00:00', '0', 15, 4, 586),
(22011918303, '2022-01-19', '18:30:00', '0', 25, 3, 531),
(22012013301, '2022-01-20', '13:30:00', '0', 8, 1, 401),
(22012114004, '2022-01-21', '14:00:00', '0', 10, 4, 464),
(22012218004, '2022-01-22', '18:00:00', '0', 15, 4, 571),
(22012409302, '2022-01-24', '09:30:00', '0', 53, 2, 112),
(22012510003, '2022-01-25', '10:00:00', '0', 12, 3, 466),
(22012717307, '2022-01-27', '17:30:00', '0', 5, 7, 376),
(22012809004, '2022-01-28', '09:00:00', '0', 3, 4, 20),
(22012911303, '2022-01-29', '11:30:00', '0', 3, 3, 509),
(22013017001, '2022-01-30', '17:00:00', '0', 8, 1, 411),
(22020111004, '2022-02-01', '11:00:00', '0', 50, 4, 144),
(22020310302, '2022-02-03', '10:30:00', '0', 3, 2, 175),
(22020615302, '2022-02-06', '15:30:00', '0', 15, 2, 115),
(22020713302, '2022-02-07', '13:30:00', '0', 60, 2, 2),
(22020912303, '2022-02-09', '12:30:00', '0', 20, 3, 160),
(22021020004, '2022-02-10', '20:00:00', '0', 3, 4, 506),
(22021109307, '2022-02-11', '09:30:00', '0', 15, 7, 39),
(22021216303, '2022-02-12', '16:30:00', '0', 5, 3, 331),
(22021313304, '2022-02-13', '13:30:00', '0', 17, 4, 163),
(22021410307, '2022-02-14', '10:30:00', '0', 10, 7, 109),
(22021715307, '2022-02-17', '15:30:00', '0', 15, 7, 336),
(22021819301, '2022-02-18', '19:30:00', '0', 10, 1, 470),
(22021916007, '2022-02-19', '16:00:00', '0', 5, 7, 1),
(22022219001, '2022-02-22', '19:00:00', '0', 27, 1, 557),
(22022309007, '2022-02-23', '09:00:00', '0', 50, 7, 479),
(22022414301, '2022-02-24', '14:30:00', '0', 8, 1, 32),
(22022515302, '2022-02-25', '15:30:00', '0', 73, 2, 31),
(22022609001, '2022-02-26', '09:00:00', '0', 8, 1, 338),
(22022812303, '2022-02-28', '12:30:00', '0', 3, 3, 387),
(22030215003, '2022-03-02', '15:00:00', '0', 8, 3, 464),
(22030313002, '2022-03-03', '13:00:00', '0', 8, 2, 255),
(22030408304, '2022-03-04', '08:30:00', '0', 12, 4, 442),
(22030514303, '2022-03-05', '14:30:00', '0', 15, 3, 465),
(22030617307, '2022-03-06', '17:30:00', '0', 5, 7, 214),
(22030716304, '2022-03-07', '16:30:00', '0', 3, 4, 380),
(22030916004, '2022-03-09', '16:00:00', '0', 3, 4, 208),
(22031010302, '2022-03-10', '10:30:00', '0', 23, 2, 31),
(22031118002, '2022-03-11', '18:00:00', '0', 12, 2, 326),
(22031413003, '2022-03-14', '13:00:00', '0', 8, 3, 596),
(22031509307, '2022-03-15', '09:30:00', '0', 67, 7, 60);

--
-- Indexes for dumped tables
--

--
-- Indexes for table `admin`
--
ALTER TABLE `admin`
  ADD PRIMARY KEY (`AdminID`);

--
-- Indexes for table `barber`
--
ALTER TABLE `barber`
  ADD PRIMARY KEY (`BarberID`);

--
-- Indexes for table `customer`
--
ALTER TABLE `customer`
  ADD PRIMARY KEY (`CustomerID`);

--
-- Indexes for table `operation`
--
ALTER TABLE `operation`
  ADD PRIMARY KEY (`OperationID`);

--
-- Indexes for table `operation_selection`
--
ALTER TABLE `operation_selection`
  ADD PRIMARY KEY (`SelectionID`),
  ADD KEY `OperationID` (`OperationID`) USING BTREE,
  ADD KEY `ReservationID` (`ReservationID`);

--
-- Indexes for table `reservation`
--
ALTER TABLE `reservation`
  ADD PRIMARY KEY (`ReservationID`) USING BTREE,
  ADD KEY `BarberID` (`BarberID`),
  ADD KEY `CustomerID` (`CustomerID`);

--
-- AUTO_INCREMENT for dumped tables
--

--
-- AUTO_INCREMENT for table `barber`
--
ALTER TABLE `barber`
  MODIFY `BarberID` int(11) NOT NULL AUTO_INCREMENT, AUTO_INCREMENT=18;

--
-- AUTO_INCREMENT for table `customer`
--
ALTER TABLE `customer`
  MODIFY `CustomerID` int(11) NOT NULL AUTO_INCREMENT, AUTO_INCREMENT=603;

--
-- AUTO_INCREMENT for table `operation`
--
ALTER TABLE `operation`
  MODIFY `OperationID` int(11) NOT NULL AUTO_INCREMENT, AUTO_INCREMENT=18;

--
-- Constraints for dumped tables
--

--
-- Constraints for table `operation_selection`
--
ALTER TABLE `operation_selection`
  ADD CONSTRAINT `operation_selection_ibfk_4` FOREIGN KEY (`OperationID`) REFERENCES `operation` (`OperationID`) ON DELETE CASCADE,
  ADD CONSTRAINT `operation_selection_ibfk_5` FOREIGN KEY (`ReservationID`) REFERENCES `reservation` (`ReservationID`) ON DELETE CASCADE;

--
-- Constraints for table `reservation`
--
ALTER TABLE `reservation`
  ADD CONSTRAINT `reservation_ibfk_1` FOREIGN KEY (`BarberID`) REFERENCES `barber` (`BarberID`) ON DELETE CASCADE,
  ADD CONSTRAINT `reservation_ibfk_2` FOREIGN KEY (`CustomerID`) REFERENCES `customer` (`CustomerID`) ON DELETE CASCADE;
COMMIT;

/*!40101 SET CHARACTER_SET_CLIENT=@OLD_CHARACTER_SET_CLIENT */;
/*!40101 SET CHARACTER_SET_RESULTS=@OLD_CHARACTER_SET_RESULTS */;
/*!40101 SET COLLATION_CONNECTION=@OLD_COLLATION_CONNECTION */;
