-- phpMyAdmin SQL Dump
-- version 5.1.0
-- https://www.phpmyadmin.net/
--
-- Anamakine: 127.0.0.1
-- Üretim Zamanı: 31 May 2021, 11:04:11
-- Sunucu sürümü: 10.4.19-MariaDB
-- PHP Sürümü: 8.0.6

SET SQL_MODE = "NO_AUTO_VALUE_ON_ZERO";
START TRANSACTION;
SET time_zone = "+00:00";


/*!40101 SET @OLD_CHARACTER_SET_CLIENT=@@CHARACTER_SET_CLIENT */;
/*!40101 SET @OLD_CHARACTER_SET_RESULTS=@@CHARACTER_SET_RESULTS */;
/*!40101 SET @OLD_COLLATION_CONNECTION=@@COLLATION_CONNECTION */;
/*!40101 SET NAMES utf8mb4 */;

--
-- Veritabanı: `barbershop`
--

-- --------------------------------------------------------

--
-- Tablo için tablo yapısı `admin`
--

CREATE TABLE `admin` (
  `AdminID` int(11) NOT NULL,
  `UserName` varchar(20) NOT NULL DEFAULT 'admin',
  `Password` varchar(20) NOT NULL DEFAULT 'admin'
) ENGINE=InnoDB DEFAULT CHARSET=utf8mb4;

--
-- Tablo döküm verisi `admin`
--

INSERT INTO `admin` (`AdminID`, `UserName`, `Password`) VALUES
(0, 'admin', 'admin');

-- --------------------------------------------------------

--
-- Görünüm yapısı durumu `adminres`
-- (Asıl görünüm için aşağıya bakın)
--
CREATE TABLE `adminres` (
`ReservationID` bigint(20)
,`ReservationDate` date
,`isDone` enum('Waiting','Done','Canceled')
,`BarberName` varchar(20)
,`BarberSurname` varchar(20)
,`CustomerName` varchar(20)
,`CustomerSurname` varchar(20)
);

-- --------------------------------------------------------

--
-- Tablo için tablo yapısı `barber`
--

CREATE TABLE `barber` (
  `BarberID` int(11) NOT NULL,
  `BarberName` varchar(20) NOT NULL,
  `BarberSurname` varchar(20) NOT NULL,
  `Salary` int(11) NOT NULL
) ENGINE=InnoDB DEFAULT CHARSET=utf8mb4;

--
-- Tablo döküm verisi `barber`
--

INSERT INTO `barber` (`BarberID`, `BarberName`, `BarberSurname`, `Salary`) VALUES
(1, 'Alberto', 'Baker', 3200),
(2, 'Benjaminn', 'Peters', 3500),
(3, 'Horace', 'Phillips', 3500),
(4, 'Clint', 'Campbell', 3200),
(7, 'Fernando', 'Medina', 3500),
(8, 'Conrad', 'Carter', 3500),
(9, 'Perry', 'Wilkins', 3500);

-- --------------------------------------------------------

--
-- Tablo için tablo yapısı `customer`
--

CREATE TABLE `customer` (
  `CustomerID` int(11) NOT NULL,
  `CustomerName` varchar(20) NOT NULL,
  `CustomerSurname` varchar(20) NOT NULL,
  `Email` varchar(50) NOT NULL,
  `Password` varchar(50) NOT NULL
) ENGINE=InnoDB DEFAULT CHARSET=utf8mb4;

--
-- Tablo döküm verisi `customer`
--

INSERT INTO `customer` (`CustomerID`, `CustomerName`, `CustomerSurname`, `Email`, `Password`) VALUES
(2, 'Romeo', 'Olson', 'romeoolson@outlook.com', 'romeoolson5652'),
(3, 'Abraham', 'Lopez', 'abrahamlopez@windowslive.com', 'abrahamlopez6604'),
(4, 'Octavio', 'Holder', 'octavioholder@live.com', 'octavioholder5062'),
(5, 'Colten', 'Bender', 'coltenbender@yahoo.com', 'coltenbender8554'),
(6, 'Jaydon', 'Gamble', 'jaydongamble@outlook.com', 'jaydongamble2571'),
(7, 'Cory', 'Ortiz', 'coryortiz@outlook.com', 'coryortiz2959'),
(8, 'Darien', 'Archer', 'darienarcher@live.com', 'darienarcher5436'),
(9, 'Jakobe', 'Lam', 'jakobelam@msn.com', 'jakobelam8802'),
(10, 'Maximillian', 'Ruiz', 'maximillianruiz@gmail.com', 'maximillianruiz5296'),
(11, 'Jan', 'Castillo', 'jancastillo@live.com', 'jancastillo2729'),
(12, 'Avery', 'Cantrell', 'averycantrell@live.com', 'averycantrell5029'),
(13, 'Marshall', 'Cochran', 'marshallcochran@live.com', 'marshallcochran0767'),
(14, 'Bridger', 'Hogan', 'bridgerhogan@outlook.com', 'bridgerhogan5169'),
(15, 'Jordan', 'Compton', 'jordancompton@live.com', 'jordancompton5844'),
(16, 'Eli', 'Hancock', 'elihancock@msn.com', 'elihancock3737'),
(17, 'Cameron', 'Welch', 'cameronwelch@gmail.com', 'cameronwelch7888'),
(18, 'Santino', 'Moyer', 'santinomoyer@gmail.com', 'santinomoyer4608'),
(19, 'Antonio', 'Sanchez', 'antoniosanchez@windowslive.com', 'antoniosanchez1365'),
(20, 'Kenyon', 'Matthews', 'kenyonmatthews@yahoo.com', 'kenyonmatthews3877'),
(21, 'Brock', 'Clay', 'brockclay@outlook.com', 'brockclay3911'),
(22, 'Ricardo', 'Mcknight', 'ricardomcknight@yahoo.com', 'ricardomcknight8132'),
(23, 'Mauricio', 'Montoya', 'mauriciomontoya@outlook.com', 'mauriciomontoya8808'),
(24, 'Urijah', 'Hatfield', 'urijahhatfield@outlook.com', 'urijahhatfield9059'),
(25, 'John', 'Meadows', 'johnmeadows@msn.com', 'johnmeadows5775'),
(26, 'Samir', 'Campos', 'samircampos@outlook.com', 'samircampos6500'),
(27, 'Braylen', 'Alvarado', 'braylenalvarado@outlook.com', 'braylenalvarado0193'),
(28, 'Victor', 'Hicks', 'victorhicks@msn.com', 'victorhicks3419'),
(29, 'Jaiden', 'Callahan', 'jaidencallahan@yahoo.com', 'jaidencallahan4808'),
(30, 'Keagan', 'Ritter', 'keaganritter@windowslive.com', 'keaganritter5817'),
(31, 'Slade', 'Erickson', 'sladeerickson@windowslive.com', 'sladeerickson5494'),
(32, 'Jaden', 'Smith', 'jadensmith@msn.com', 'jadensmith2482'),
(33, 'Zaire', 'Banks', 'zairebanks@yahoo.com', 'zairebanks1980'),
(34, 'Anderson', 'Velazquez', 'andersonvelazquez@live.com', 'andersonvelazquez5310'),
(35, 'Terry', 'Mccullough', 'terrymccullough@yahoo.com', 'terrymccullough5011'),
(36, 'Izaiah', 'Bernard', 'izaiahbernard@gmail.com', 'izaiahbernard5356'),
(37, 'Brendan', 'Mcdonald', 'brendanmcdonald@outlook.com', 'brendanmcdonald9860'),
(38, 'Raphael', 'Flores', 'raphaelflores@yahoo.com', 'raphaelflores4546'),
(39, 'Wesley', 'Ball', 'wesleyball@windowslive.com', 'wesleyball9757'),
(40, 'Charlie', 'Ballard', 'charlieballard@gmail.com', 'charlieballard6866'),
(41, 'Russell', 'Chung', 'russellchung@live.com', 'russellchung3929'),
(42, 'Jorge', 'Mccormick', 'jorgemccormick@outlook.com', 'jorgemccormick2899'),
(43, 'Kaiden', 'Underwood', 'kaidenunderwood@live.com', 'kaidenunderwood9257'),
(44, 'Frankie', 'Atkinson', 'frankieatkinson@yahoo.com', 'frankieatkinson3783'),
(45, 'Drake', 'Davenport', 'drakedavenport@live.com', 'drakedavenport0004'),
(46, 'Garrett', 'Friedman', 'garrettfriedman@gmail.com', 'garrettfriedman7964'),
(47, 'Dallas', 'Black', 'dallasblack@yahoo.com', 'dallasblack0911'),
(48, 'Brenden', 'Newton', 'brendennewton@windowslive.com', 'brendennewton8688'),
(49, 'Kymani', 'Trujillo', 'kymanitrujillo@msn.com', 'kymanitrujillo3511'),
(50, 'Hudson', 'Roy', 'hudsonroy@windowslive.com', 'hudsonroy5581'),
(51, 'Dawson', 'Wiggins', 'dawsonwiggins@live.com', 'dawsonwiggins3701'),
(52, 'German', 'Horne', 'germanhorne@live.com', 'germanhorne0633'),
(53, 'Kyson', 'Barnett', 'kysonbarnett@outlook.com', 'kysonbarnett1973'),
(54, 'Jonah', 'Peterson', 'jonahpeterson@yahoo.com', 'jonahpeterson1479'),
(55, 'Alonzo', 'Garrett', 'alonzogarrett@gmail.com', 'alonzogarrett4255'),
(56, 'Zane', 'Aguirre', 'zaneaguirre@gmail.com', 'zaneaguirre8418'),
(57, 'Scott', 'Haas', 'scotthaas@live.com', 'scotthaas7593'),
(58, 'Harper', 'Woods', 'harperwoods@gmail.com', 'harperwoods9238'),
(59, 'Davon', 'Pope', 'davonpope@msn.com', 'davonpope9465'),
(60, 'Adam', 'Sanford', 'adamsanford@outlook.com', 'adamsanford4651'),
(61, 'Jimmy', 'Chapman', 'jimmychapman@live.com', 'jimmychapman0684'),
(62, 'Zechariah', 'Marshall', 'zechariahmarshall@gmail.com', 'zechariahmarshall2130'),
(63, 'Edgar', 'Moses', 'edgarmoses@windowslive.com', 'edgarmoses4185'),
(64, 'Tristian', 'Barrett', 'tristianbarrett@outlook.com', 'tristianbarrett5981'),
(65, 'Skyler', 'Choi', 'skylerchoi@outlook.com', 'skylerchoi1139'),
(66, 'Abdullahh', 'Cervantes', 'abdullahcervante@gmail.com', 'abdullahcervantes7964'),
(67, 'Bronson', 'Mcpherson', 'bronsonmcpherson@live.com', 'bronsonmcpherson3773'),
(68, 'Brett', 'Rios', 'brettrios@live.com', 'brettrios2898'),
(69, 'Elisha', 'Dodson', 'elishadodson@outlook.com', 'elishadodson1798'),
(70, 'Braiden', 'Lynch', 'braidenlynch@msn.com', 'braidenlynch2190'),
(71, 'Tanner', 'Holt', 'tannerholt@msn.com', 'tannerholt9302'),
(72, 'Peter', 'Conway', 'peterconway@outlook.com', 'peterconway5646'),
(73, 'Kareem', 'Patton', 'kareempatton@msn.com', 'kareempatton5985'),
(74, 'Misael', 'Mack', 'misaelmack@gmail.com', 'misaelmack0559'),
(75, 'Angel', 'Gregory', 'angelgregory@outlook.com', 'angelgregory6533'),
(76, 'Ace', 'Mckay', 'acemckay@live.com', 'acemckay9459'),
(77, 'Curtis', 'Garner', 'curtisgarner@windowslive.com', 'curtisgarner5607'),
(78, 'Armani', 'Good', 'armanigood@gmail.com', 'armanigood5058'),
(79, 'Reese', 'Marsh', 'reesemarsh@live.com', 'reesemarsh6748'),
(80, 'Kelton', 'Barnes', 'keltonbarnes@gmail.com', 'keltonbarnes9065'),
(81, 'Camron', 'Estrada', 'camronestrada@outlook.com', 'camronestrada6407'),
(82, 'Winston', 'Alvarez', 'winstonalvarez@gmail.com', 'winstonalvarez2468'),
(83, 'Jermaine', 'Blair', 'jermaineblair@live.com', 'jermaineblair0928'),
(84, 'Lincoln', 'Wolfe', 'lincolnwolfe@live.com', 'lincolnwolfe6939'),
(85, 'Hector', 'Weeks', 'hectorweeks@outlook.com', 'hectorweeks7365'),
(86, 'Amari', 'Massey', 'amarimassey@yahoo.com', 'amarimassey9418'),
(87, 'Charles', 'Adams', 'charlesadams@live.com', 'charlesadams3359'),
(88, 'Anton', 'Winters', 'antonwinters@msn.com', 'antonwinters2584'),
(89, 'Lee', 'Huffman', 'leehuffman@windowslive.com', 'leehuffman0685'),
(90, 'Joaquin', 'Villanueva', 'joaquinvillanueva@outlook.com', 'joaquinvillanueva9178'),
(91, 'Darren', 'Levy', 'darrenlevy@live.com', 'darrenlevy6702'),
(92, 'Jaeden', 'Stephens', 'jaedenstephens@yahoo.com', 'jaedenstephens9889'),
(93, 'Gunner', 'Moss', 'gunnermoss@yahoo.com', 'gunnermoss5076'),
(94, 'Miles', 'Doyle', 'milesdoyle@gmail.com', 'milesdoyle5309'),
(95, 'Alejandro', 'Johns', 'alejandrojohns@live.com', 'alejandrojohns0190'),
(96, 'Humberto', 'Avila', 'humbertoavila@msn.com', 'humbertoavila3362'),
(97, 'Noel', 'Terrell', 'noelterrell@gmail.com', 'noelterrell1499'),
(98, 'Camren', 'Warner', 'camrenwarner@outlook.com', 'camrenwarner0615'),
(99, 'Yurem', 'Allison', 'yuremallison@gmail.com', 'yuremallison4152'),
(100, 'Brian', 'Fleming', 'brianfleming@msn.com', 'brianfleming6259'),
(101, 'Ariel', 'Merritt', 'arielmerritt@msn.com', 'arielmerritt9782'),
(102, 'Justice', 'Hood', 'justicehood@outlook.com', 'justicehood3490'),
(103, 'Davis', 'Strong', 'davisstrong@live.com', 'davisstrong9167'),
(104, 'Brenton', 'Green', 'brentongreen@outlook.com', 'brentongreen8484'),
(105, 'Lance', 'Fields', 'lancefields@outlook.com', 'lancefields8711'),
(106, 'Dylan', 'Jenkins', 'dylanjenkins@outlook.com', 'dylanjenkins5609'),
(107, 'Noe', 'Daugherty', 'noedaugherty@live.com', 'noedaugherty4593'),
(108, 'Harold', 'Anthony', 'haroldanthony@yahoo.com', 'haroldanthony4202'),
(109, 'Royce', 'Padilla', 'roycepadilla@msn.com', 'roycepadilla8235'),
(110, 'Edwin', 'Andrews', 'edwinandrews@live.com', 'edwinandrews1746'),
(111, 'Ronald', 'Pittman', 'ronaldpittman@msn.com', 'ronaldpittman9069'),
(112, 'Dante', 'Washington', 'dantewashington@windowslive.com', 'dantewashington0904'),
(113, 'Jasper', 'Jefferson', 'jasperjefferson@msn.com', 'jasperjefferson6496'),
(114, 'David', 'Sanders', 'davidsanders@live.com', 'davidsanders5953'),
(115, 'Shawn', 'Schwartz', 'shawnschwartz@windowslive.com', 'shawnschwartz7127'),
(116, 'Jakob', 'King', 'jakobking@windowslive.com', 'jakobking2801'),
(117, 'Zayne', 'Clayton', 'zayneclayton@outlook.com', 'zayneclayton9698'),
(118, 'Tristan', 'Charles', 'tristancharles@gmail.com', 'tristancharles8391'),
(119, 'Triston', 'Yang', 'tristonyang@live.com', 'tristonyang1872'),
(120, 'Cohen', 'Joyce', 'cohenjoyce@outlook.com', 'cohenjoyce1153'),
(121, 'Blaze', 'Joseph', 'blazejoseph@outlook.com', 'blazejoseph2118'),
(122, 'Sonny', 'Whitney', 'sonnywhitney@gmail.com', 'sonnywhitney5054'),
(123, 'Gael', 'Tanner', 'gaeltanner@live.com', 'gaeltanner4993'),
(124, 'Jadon', 'Le', 'jadonle@yahoo.com', 'jadonle0312'),
(125, 'Jesse', 'Sampson', 'jessesampson@msn.com', 'jessesampson4650'),
(126, 'Corbin', 'Graham', 'corbingraham@windowslive.com', 'corbingraham5130'),
(127, 'Jayden', 'Clark', 'jaydenclark@outlook.com', 'jaydenclark9674'),
(128, 'Cristian', 'Jones', 'cristianjones@windowslive.com', 'cristianjones7850'),
(129, 'Andres', 'Pineda', 'andrespineda@yahoo.com', 'andrespineda8159'),
(130, 'Adolfo', 'Livingston', 'adolfolivingston@windowslive.com', 'adolfolivingston7500'),
(131, 'Kadin', 'Camacho', 'kadincamacho@gmail.com', 'kadincamacho5842'),
(132, 'Kamari', 'Patrick', 'kamaripatrick@msn.com', 'kamaripatrick9203'),
(133, 'Mathew', 'Fletcher', 'mathewfletcher@msn.com', 'mathewfletcher5643'),
(134, 'Cristopher', 'Kent', 'cristopherkent@yahoo.com', 'cristopherkent2472'),
(135, 'Rodolfo', 'Frey', 'rodolfofrey@yahoo.com', 'rodolfofrey0219'),
(136, 'Asa', 'Grimes', 'asagrimes@msn.com', 'asagrimes2605'),
(137, 'Cesar', 'Andrade', 'cesarandrade@yahoo.com', 'cesarandrade1645'),
(138, 'Carlos', 'Patterson', 'carlospatterson@outlook.com', 'carlospatterson2559'),
(139, 'Andy', 'Pollard', 'andypollard@msn.com', 'andypollard5570'),
(140, 'Asher', 'Galloway', 'ashergalloway@yahoo.com', 'ashergalloway4912'),
(141, 'Keith', 'Gross', 'keithgross@yahoo.com', 'keithgross9522'),
(142, 'Kolten', 'Hayden', 'koltenhayden@live.com', 'koltenhayden9358'),
(143, 'Marley', 'Lang', 'marleylang@live.com', 'marleylang8763'),
(144, 'Colton', 'Mullins', 'coltonmullins@live.com', 'coltonmullins3989'),
(145, 'Brodie', 'Walker', 'brodiewalker@live.com', 'brodiewalker8315'),
(146, 'Weston', 'Krueger', 'westonkrueger@gmail.com', 'westonkrueger4866'),
(147, 'Walker', 'Norman', 'walkernorman@outlook.com', 'walkernorman2709'),
(148, 'Jayce', 'Durham', 'jaycedurham@gmail.com', 'jaycedurham2795'),
(149, 'Mekhi', 'Barber', 'mekhibarber@msn.com', 'mekhibarber2006'),
(150, 'Johnathan', 'Buckley', 'johnathanbuckley@gmail.com', 'johnathanbuckley4147'),
(151, 'Colby', 'Bates', 'colbybates@gmail.com', 'colbybates2378'),
(152, 'Trenton', 'Norton', 'trentonnorton@gmail.com', 'trentonnorton4620'),
(153, 'Gunnar', 'Buck', 'gunnarbuck@outlook.com', 'gunnarbuck3911'),
(154, 'Taylor', 'Moore', 'taylormoore@yahoo.com', 'taylormoore7170'),
(155, 'Pierre', 'English', 'pierreenglish@outlook.com', 'pierreenglish6218'),
(156, 'Cedric', 'Christian', 'cedricchristian@yahoo.com', 'cedricchristian6035'),
(157, 'Moshe', 'Ramirez', 'mosheramirez@gmail.com', 'mosheramirez4275'),
(158, 'Rory', 'Navarro', 'rorynavarro@windowslive.com', 'rorynavarro7753'),
(159, 'Rene', 'Barron', 'renebarron@outlook.com', 'renebarron4395'),
(160, 'Deon', 'Casey', 'deoncasey@gmail.com', 'deoncasey9291'),
(161, 'Emilio', 'Rivers', 'emiliorivers@yahoo.com', 'emiliorivers9546'),
(162, 'Rhett', 'Marks', 'rhettmarks@gmail.com', 'rhettmarks7558'),
(163, 'Allan', 'Williamson', 'allanwilliamson@windowslive.com', 'allanwilliamson7751'),
(164, 'Eddie', 'Webb', 'eddiewebb@msn.com', 'eddiewebb9141'),
(165, 'Zachary', 'Baker', 'zacharybaker@live.com', 'zacharybaker1596'),
(166, 'Lawrence', 'Heath', 'lawrenceheath@yahoo.com', 'lawrenceheath0913'),
(167, 'Payton', 'Barr', 'paytonbarr@gmail.com', 'paytonbarr8919'),
(168, 'Fletcher', 'Bowman', 'fletcherbowman@outlook.com', 'fletcherbowman9867'),
(169, 'Maximus', 'Coleman', 'maximuscoleman@gmail.com', 'maximuscoleman5519'),
(170, 'Warren', 'Wolf', 'warrenwolf@windowslive.com', 'warrenwolf2892'),
(171, 'Hezekiah', 'Browning', 'hezekiahbrowning@gmail.com', 'hezekiahbrowning9492'),
(172, 'Jay', 'Bauer', 'jaybauer@outlook.com', 'jaybauer5526'),
(173, 'Sidney', 'Yoder', 'sidneyyoder@msn.com', 'sidneyyoder3493'),
(174, 'Bernard', 'Mcintosh', 'bernardmcintosh@gmail.com', 'bernardmcintosh0375'),
(175, 'Seth', 'Hoover', 'sethhoover@yahoo.com', 'sethhoover1109'),
(176, 'Xander', 'Wells', 'xanderwells@gmail.com', 'xanderwells2434'),
(177, 'Jack', 'Griffin', 'jackgriffin@outlook.com', 'jackgriffin5450'),
(178, 'Cason', 'Best', 'casonbest@gmail.com', 'casonbest9128'),
(179, 'Daniel', 'Carrillo', 'danielcarrillo@msn.com', 'danielcarrillo5344'),
(180, 'Jairo', 'Wilson', 'jairowilson@gmail.com', 'jairowilson5258'),
(181, 'Dane', 'Hinton', 'danehinton@gmail.com', 'danehinton1998'),
(182, 'Malakai', 'Curry', 'malakaicurry@yahoo.com', 'malakaicurry4844'),
(183, 'Franklin', 'Kaufman', 'franklinkaufman@yahoo.com', 'franklinkaufman1180'),
(184, 'Fabian', 'Cummings', 'fabiancummings@yahoo.com', 'fabiancummings6820'),
(185, 'Khalil', 'Gordon', 'khalilgordon@outlook.com', 'khalilgordon3043'),
(186, 'Issac', 'Austin', 'issacaustin@gmail.com', 'issacaustin0355'),
(187, 'Diego', 'Spears', 'diegospears@outlook.com', 'diegospears4336'),
(188, 'Orion', 'Vang', 'orionvang@gmail.com', 'orionvang6121'),
(189, 'Ayden', 'Medina', 'aydenmedina@gmail.com', 'aydenmedina3459'),
(190, 'Gabriel', 'Caldwell', 'gabrielcaldwell@yahoo.com', 'gabrielcaldwell2150'),
(191, 'Salvatore', 'Raymond', 'salvatoreraymond@live.com', 'salvatoreraymond1524'),
(192, 'Kian', 'Wise', 'kianwise@outlook.com', 'kianwise8127'),
(193, 'Clinton', 'Bolton', 'clintonbolton@live.com', 'clintonbolton5307'),
(194, 'Nikolai', 'Huff', 'nikolaihuff@outlook.com', 'nikolaihuff4114'),
(195, 'Bentley', 'Dougherty', 'bentleydougherty@outlook.com', 'bentleydougherty4833'),
(196, 'Kole', 'Mckinney', 'kolemckinney@live.com', 'kolemckinney1247'),
(197, 'Kasen', 'Dunlap', 'kasendunlap@yahoo.com', 'kasendunlap4812'),
(198, 'Jeremiah', 'Lin', 'jeremiahlin@gmail.com', 'jeremiahlin4778'),
(199, 'Sullivan', 'David', 'sullivandavid@msn.com', 'sullivandavid1936'),
(200, 'Deandre', 'Waters', 'deandrewaters@windowslive.com', 'deandrewaters9325'),
(201, 'Emmett', 'Riggs', 'emmettriggs@msn.com', 'emmettriggs8841'),
(202, 'Byron', 'Burke', 'byronburke@yahoo.com', 'byronburke4780'),
(203, 'Alec', 'Calhoun', 'aleccalhoun@outlook.com', 'aleccalhoun8645'),
(204, 'Alberto', 'Day', 'albertoday@msn.com', 'albertoday9198'),
(205, 'Billy', 'Rhodes', 'billyrhodes@live.com', 'billyrhodes4967'),
(206, 'Erick', 'Combs', 'erickcombs@msn.com', 'erickcombs4492'),
(207, 'Markus', 'Frederick', 'markusfrederick@windowslive.com', 'markusfrederick9322'),
(208, 'Ignacio', 'Alexander', 'ignacioalexander@msn.com', 'ignacioalexander6409'),
(209, 'Lucian', 'Holden', 'lucianholden@live.com', 'lucianholden7895'),
(210, 'Ruben', 'Melendez', 'rubenmelendez@yahoo.com', 'rubenmelendez1159'),
(211, 'Jaxon', 'Snyder', 'jaxonsnyder@live.com', 'jaxonsnyder0880'),
(212, 'Yahir', 'Liu', 'yahirliu@windowslive.com', 'yahirliu9353'),
(213, 'Milton', 'Graves', 'miltongraves@outlook.com', 'miltongraves8196'),
(214, 'Trystan', 'Hester', 'trystanhester@msn.com', 'trystanhester8175'),
(215, 'Keenan', 'Gates', 'keenangates@gmail.com', 'keenangates8743'),
(216, 'Kade', 'Mclaughlin', 'kademclaughlin@gmail.com', 'kademclaughlin7892'),
(217, 'Ryder', 'Goodman', 'rydergoodman@windowslive.com', 'rydergoodman0424'),
(218, 'Nigel', 'Contreras', 'nigelcontreras@live.com', 'nigelcontreras2836'),
(219, 'Todd', 'Conley', 'toddconley@msn.com', 'toddconley2551'),
(220, 'Pierce', 'Dickerson', 'piercedickerson@live.com', 'piercedickerson7877'),
(221, 'Leonardo', 'Russo', 'leonardorusso@yahoo.com', 'leonardorusso9167'),
(222, 'Mateo', 'Hodge', 'mateohodge@yahoo.com', 'mateohodge3843'),
(223, 'Rayan', 'Love', 'rayanlove@gmail.com', 'rayanlove8094'),
(224, 'Reynaldo', 'Krause', 'reynaldokrause@yahoo.com', 'reynaldokrause6850'),
(225, 'Francis', 'Fitzpatrick', 'francisfitzpatrick@yahoo.com', 'francisfitzpatrick0337'),
(226, 'Xavier', 'Mendoza', 'xaviermendoza@msn.com', 'xaviermendoza6715'),
(227, 'Keyon', 'Yates', 'keyonyates@msn.com', 'keyonyates0785'),
(228, 'Karson', 'Knight', 'karsonknight@yahoo.com', 'karsonknight5438'),
(229, 'Marquis', 'Baxter', 'marquisbaxter@outlook.com', 'marquisbaxter6316'),
(230, 'Darrell', 'Walton', 'darrellwalton@msn.com', 'darrellwalton6484'),
(231, 'Rigoberto', 'Reeves', 'rigobertoreeves@live.com', 'rigobertoreeves5504'),
(232, 'Jaylon', 'Li', 'jaylonli@live.com', 'jaylonli8492'),
(233, 'Ross', 'Dunn', 'rossdunn@msn.com', 'rossdunn4278'),
(234, 'Porter', 'Brooks', 'porterbrooks@outlook.com', 'porterbrooks6771'),
(235, 'Sheldon', 'Porter', 'sheldonporter@outlook.com', 'sheldonporter6950'),
(236, 'Keon', 'Donovan', 'keondonovan@msn.com', 'keondonovan1910'),
(237, 'Ray', 'Reilly', 'rayreilly@msn.com', 'rayreilly0993'),
(238, 'Gianni', 'Jarvis', 'giannijarvis@outlook.com', 'giannijarvis0283'),
(239, 'Danny', 'Hudson', 'dannyhudson@outlook.com', 'dannyhudson4925'),
(240, 'Rowan', 'Fuller', 'rowanfuller@gmail.com', 'rowanfuller8422'),
(241, 'Valentin', 'Cox', 'valentincox@live.com', 'valentincox3374'),
(242, 'Sawyer', 'Davies', 'sawyerdavies@msn.com', 'sawyerdavies9407'),
(243, 'Jonathon', 'Dominguez', 'jonathondominguez@gmail.com', 'jonathondominguez4675'),
(244, 'Jerome', 'Osborne', 'jeromeosborne@live.com', 'jeromeosborne4446'),
(245, 'Titus', 'Willis', 'tituswillis@gmail.com', 'tituswillis5552'),
(246, 'Joseph', 'Chang', 'josephchang@gmail.com', 'josephchang6808'),
(247, 'Maximilian', 'Herring', 'maximilianherring@msn.com', 'maximilianherring8211'),
(248, 'Rafael', 'Mccann', 'rafaelmccann@msn.com', 'rafaelmccann8403'),
(249, 'Antony', 'Hendricks', 'antonyhendricks@yahoo.com', 'antonyhendricks2928'),
(250, 'Chandler', 'Richardson', 'chandlerrichardson@msn.com', 'chandlerrichardson1483'),
(251, 'Andrew', 'Bridges', 'andrewbridges@live.com', 'andrewbridges4676'),
(252, 'Antwan', 'Cortez', 'antwancortez@yahoo.com', 'antwancortez3421'),
(253, 'Benjamin', 'Skinner', 'benjaminskinner@msn.com', 'benjaminskinner4453'),
(254, 'Leonel', 'Lutz', 'leonellutz@gmail.com', 'leonellutz8901'),
(255, 'Kody', 'Herrera', 'kodyherrera@yahoo.com', 'kodyherrera7701'),
(256, 'Mathias', 'Stevenson', 'mathiasstevenson@gmail.com', 'mathiasstevenson1138'),
(257, 'Keegan', 'Novak', 'keegannovak@windowslive.com', 'keegannovak7599'),
(258, 'Arthur', 'Khan', 'arthurkhan@outlook.com', 'arthurkhan9212'),
(259, 'Clay', 'Silva', 'claysilva@msn.com', 'claysilva8107'),
(260, 'Darryl', 'Duarte', 'darrylduarte@yahoo.com', 'darrylduarte7619'),
(261, 'Javion', 'Byrd', 'javionbyrd@gmail.com', 'javionbyrd1336'),
(262, 'Joel', 'Phillips', 'joelphillips@gmail.com', 'joelphillips8437'),
(263, 'Juan', 'Price', 'juanprice@msn.com', 'juanprice5280'),
(264, 'Reece', 'Burgess', 'reeceburgess@msn.com', 'reeceburgess0383'),
(265, 'Raymond', 'Orr', 'raymondorr@outlook.com', 'raymondorr9048'),
(266, 'Jaydan', 'Cruz', 'jaydancruz@yahoo.com', 'jaydancruz1199'),
(267, 'Bruno', 'Conrad', 'brunoconrad@windowslive.com', 'brunoconrad5997'),
(268, 'Logan', 'Frazier', 'loganfrazier@windowslive.com', 'loganfrazier8029'),
(269, 'Bryce', 'Brown', 'brycebrown@yahoo.com', 'brycebrown4734'),
(270, 'Reilly', 'Bray', 'reillybray@outlook.com', 'reillybray6631'),
(271, 'Alexander', 'Nicholson', 'alexandernicholson@msn.com', 'alexandernicholson2270'),
(272, 'Jude', 'Mcneil', 'judemcneil@yahoo.com', 'judemcneil8142'),
(273, 'Niko', 'Cook', 'nikocook@msn.com', 'nikocook8537'),
(274, 'Colin', 'Kline', 'colinkline@windowslive.com', 'colinkline5870'),
(275, 'Zayden', 'Curtis', 'zaydencurtis@msn.com', 'zaydencurtis6826'),
(276, 'Zachery', 'Daniel', 'zacherydaniel@gmail.com', 'zacherydaniel9931'),
(277, 'Moises', 'Foster', 'moisesfoster@yahoo.com', 'moisesfoster1805'),
(278, 'Bennett', 'French', 'bennettfrench@live.com', 'bennettfrench0264'),
(279, 'Conor', 'Carson', 'conorcarson@msn.com', 'conorcarson1891'),
(280, 'Justin', 'Montgomery', 'justinmontgomery@msn.com', 'justinmontgomery3740'),
(281, 'Ashton', 'Barton', 'ashtonbarton@yahoo.com', 'ashtonbarton0485'),
(282, 'Chris', 'Trevino', 'christrevino@msn.com', 'christrevino9396'),
(283, 'Giovanny', 'Hardin', 'giovannyhardin@outlook.com', 'giovannyhardin4999'),
(284, 'Alfonso', 'Pierce', 'alfonsopierce@live.com', 'alfonsopierce7203'),
(285, 'Connor', 'Drake', 'connordrake@windowslive.com', 'connordrake7325'),
(286, 'Bryson', 'Vasquez', 'brysonvasquez@yahoo.com', 'brysonvasquez7221'),
(287, 'Devon', 'Macias', 'devonmacias@gmail.com', 'devonmacias6614'),
(288, 'Aryan', 'Weber', 'aryanweber@outlook.com', 'aryanweber4671'),
(289, 'Nathaniel', 'Meza', 'nathanielmeza@msn.com', 'nathanielmeza6236'),
(290, 'Quentin', 'Ali', 'quentinali@live.com', 'quentinali2441'),
(291, 'Karter', 'Pruitt', 'karterpruitt@live.com', 'karterpruitt6945'),
(292, 'Roberto', 'Chan', 'robertochan@yahoo.com', 'robertochan9416'),
(293, 'Jett', 'Chaney', 'jettchaney@windowslive.com', 'jettchaney7167'),
(294, 'Yandel', 'Rangel', 'yandelrangel@gmail.com', 'yandelrangel6164'),
(295, 'Kasey', 'Griffith', 'kaseygriffith@yahoo.com', 'kaseygriffith6088'),
(296, 'Dominick', 'Lindsey', 'dominicklindsey@gmail.com', 'dominicklindsey6232'),
(297, 'Turner', 'Blackwell', 'turnerblackwell@windowslive.com', 'turnerblackwell7981'),
(298, 'Krish', 'Arnold', 'krisharnold@msn.com', 'krisharnold3423'),
(299, 'Chaz', 'Vargas', 'chazvargas@live.com', 'chazvargas8431'),
(300, 'Callum', 'Bryan', 'callumbryan@msn.com', 'callumbryan1591'),
(301, 'Vaughn', 'Butler', 'vaughnbutler@windowslive.com', 'vaughnbutler8363'),
(302, 'Timothy', 'Mcbride', 'timothymcbride@yahoo.com', 'timothymcbride0594'),
(303, 'Brycen', 'Forbes', 'brycenforbes@msn.com', 'brycenforbes7218'),
(304, 'Walter', 'Manning', 'waltermanning@gmail.com', 'waltermanning7294'),
(305, 'Mario', 'Greene', 'mariogreene@gmail.com', 'mariogreene4555'),
(306, 'Alex', 'Robbins', 'alexrobbins@outlook.com', 'alexrobbins9333'),
(307, 'Chad', 'Dean', 'chaddean@msn.com', 'chaddean0549'),
(308, 'Rodney', 'Roth', 'rodneyroth@gmail.com', 'rodneyroth6881'),
(309, 'Jon', 'Bradshaw', 'jonbradshaw@windowslive.com', 'jonbradshaw6656'),
(310, 'Demarcus', 'Mcdowell', 'demarcusmcdowell@yahoo.com', 'demarcusmcdowell3963'),
(311, 'Isiah', 'Mclean', 'isiahmclean@gmail.com', 'isiahmclean8626'),
(312, 'Marquise', 'Schmidt', 'marquiseschmidt@yahoo.com', 'marquiseschmidt7024'),
(313, 'Leon', 'Golden', 'leongolden@gmail.com', 'leongolden0740'),
(314, 'Adriel', 'Weaver', 'adrielweaver@yahoo.com', 'adrielweaver3309'),
(315, 'Seamus', 'Murillo', 'seamusmurillo@live.com', 'seamusmurillo8325'),
(316, 'Bruce', 'Keller', 'brucekeller@msn.com', 'brucekeller1657'),
(317, 'Austin', 'Valencia', 'austinvalencia@gmail.com', 'austinvalencia2841'),
(318, 'Isaiah', 'Petersen', 'isaiahpetersen@windowslive.com', 'isaiahpetersen6246'),
(319, 'Blaine', 'Warren', 'blainewarren@live.com', 'blainewarren1077'),
(320, 'Tomas', 'Wang', 'tomaswang@live.com', 'tomaswang3692'),
(321, 'Malik', 'Maxwell', 'malikmaxwell@outlook.com', 'malikmaxwell5887'),
(322, 'Ean', 'Mayer', 'eanmayer@gmail.com', 'eanmayer9071'),
(323, 'Roland', 'Davis', 'rolanddavis@live.com', 'rolanddavis4599'),
(324, 'Owen', 'Mathews', 'owenmathews@outlook.com', 'owenmathews8271'),
(325, 'Trace', 'Lucas', 'tracelucas@yahoo.com', 'tracelucas6629'),
(326, 'Donald', 'Todd', 'donaldtodd@msn.com', 'donaldtodd2610'),
(327, 'Paxton', 'Garrison', 'paxtongarrison@msn.com', 'paxtongarrison3389'),
(328, 'Zavier', 'Carlson', 'zaviercarlson@msn.com', 'zaviercarlson4295'),
(329, 'Grant', 'Gibson', 'grantgibson@windowslive.com', 'grantgibson3127'),
(330, 'Trevin', 'Rivera', 'trevinrivera@outlook.com', 'trevinrivera1952'),
(331, 'Brice', 'Myers', 'bricemyers@windowslive.com', 'bricemyers0055'),
(332, 'Makhi', 'Atkins', 'makhiatkins@msn.com', 'makhiatkins5927'),
(333, 'Santos', 'Kirby', 'santoskirby@outlook.com', 'santoskirby8369'),
(334, 'Rhys', 'Bartlett', 'rhysbartlett@live.com', 'rhysbartlett8020'),
(335, 'Enrique', 'Reyes', 'enriquereyes@windowslive.com', 'enriquereyes8654'),
(336, 'Pedro', 'Hamilton', 'pedrohamilton@msn.com', 'pedrohamilton4800'),
(337, 'Nikolas', 'Hobbs', 'nikolashobbs@live.com', 'nikolashobbs1327'),
(338, 'Nathan', 'George', 'nathangeorge@msn.com', 'nathangeorge3201'),
(339, 'Lamar', 'Ayala', 'lamarayala@outlook.com', 'lamarayala9509'),
(340, 'Alden', 'Rose', 'aldenrose@gmail.com', 'aldenrose6338'),
(341, 'Tobias', 'White', 'tobiaswhite@yahoo.com', 'tobiaswhite6106'),
(342, 'Efrain', 'Ho', 'efrainho@gmail.com', 'efrainho0956'),
(343, 'Darion', 'Kirk', 'darionkirk@gmail.com', 'darionkirk8524'),
(344, 'Mike', 'Mercer', 'mikemercer@outlook.com', 'mikemercer8473'),
(345, 'Immanuel', 'Snow', 'immanuelsnow@live.com', 'immanuelsnow2758'),
(346, 'Phillip', 'Wheeler', 'phillipwheeler@windowslive.com', 'phillipwheeler8664'),
(347, 'Damon', 'Morrison', 'damonmorrison@outlook.com', 'damonmorrison9185'),
(348, 'Erik', 'Norris', 'eriknorris@outlook.com', 'eriknorris5056'),
(349, 'Josh', 'Howell', 'joshhowell@outlook.com', 'joshhowell1334'),
(350, 'Camryn', 'Tucker', 'camryntucker@yahoo.com', 'camryntucker4761'),
(351, 'Terrell', 'Castro', 'terrellcastro@outlook.com', 'terrellcastro4073'),
(352, 'Tyshawn', 'Fernandez', 'tyshawnfernandez@msn.com', 'tyshawnfernandez6117'),
(353, 'Haiden', 'Stokes', 'haidenstokes@live.com', 'haidenstokes8043'),
(354, 'Jesus', 'Valentine', 'jesusvalentine@gmail.com', 'jesusvalentine0125'),
(355, 'Silas', 'Bell', 'silasbell@windowslive.com', 'silasbell6332'),
(356, 'Wayne', 'Lowe', 'waynelowe@gmail.com', 'waynelowe8211'),
(357, 'Jeffrey', 'Foley', 'jeffreyfoley@live.com', 'jeffreyfoley2975'),
(358, 'Ahmed', 'Guzman', 'ahmedguzman@live.com', 'ahmedguzman5054'),
(359, 'Dashawn', 'Morris', 'dashawnmorris@windowslive.com', 'dashawnmorris7768'),
(360, 'Finnegan', 'Sims', 'finnegansims@windowslive.com', 'finnegansims7368'),
(361, 'Parker', 'Wilkins', 'parkerwilkins@msn.com', 'parkerwilkins1298'),
(362, 'Zachariah', 'Christensen', 'zachariahchristensen@gmail.com', 'zachariahchristensen2057'),
(363, 'Saul', 'Stark', 'saulstark@windowslive.com', 'saulstark4716'),
(364, 'Will', 'Nunez', 'willnunez@outlook.com', 'willnunez7457'),
(365, 'Jamir', 'Lee', 'jamirlee@outlook.com', 'jamirlee6820'),
(366, 'Denzel', 'Miller', 'denzelmiller@msn.com', 'denzelmiller3253'),
(367, 'Terrance', 'Shannon', 'terranceshannon@msn.com', 'terranceshannon4675'),
(368, 'Cash', 'Duke', 'cashduke@gmail.com', 'cashduke9094'),
(369, 'Osvaldo', 'Stafford', 'osvaldostafford@outlook.com', 'osvaldostafford7788'),
(370, 'Luciano', 'Glenn', 'lucianoglenn@windowslive.com', 'lucianoglenn6027'),
(371, 'Coby', 'Cowan', 'cobycowan@live.com', 'cobycowan4362'),
(372, 'Jovan', 'Ware', 'jovanware@yahoo.com', 'jovanware3956'),
(373, 'Fisher', 'Swanson', 'fisherswanson@windowslive.com', 'fisherswanson7555'),
(374, 'Deven', 'Melton', 'devenmelton@windowslive.com', 'devenmelton7792'),
(375, 'Kameron', 'Huynh', 'kameronhuynh@outlook.com', 'kameronhuynh1280'),
(376, 'Maximo', 'Dixon', 'maximodixon@live.com', 'maximodixon5369'),
(377, 'Talan', 'Klein', 'talanklein@msn.com', 'talanklein3964'),
(378, 'Kendall', 'Howard', 'kendallhoward@live.com', 'kendallhoward6167'),
(379, 'Quinten', 'Mahoney', 'quintenmahoney@live.com', 'quintenmahoney6399'),
(380, 'Sincere', 'Kelley', 'sincerekelley@live.com', 'sincerekelley7026'),
(381, 'Kale', 'Morgan', 'kalemorgan@outlook.com', 'kalemorgan9988'),
(382, 'Jovani', 'Brock', 'jovanibrock@yahoo.com', 'jovanibrock4503'),
(383, 'Dalton', 'Cooke', 'daltoncooke@live.com', 'daltoncooke5112'),
(384, 'Damien', 'Riddle', 'damienriddle@live.com', 'damienriddle1657'),
(385, 'Jason', 'Greer', 'jasongreer@yahoo.com', 'jasongreer9799'),
(386, 'Nicholas', 'Simon', 'nicholassimon@msn.com', 'nicholassimon0890'),
(387, 'Kayden', 'Sloan', 'kaydensloan@msn.com', 'kaydensloan7133'),
(388, 'Kyle', 'Paul', 'kylepaul@gmail.com', 'kylepaul8617'),
(389, 'Tyrese', 'Powers', 'tyresepowers@msn.com', 'tyresepowers5514'),
(390, 'Samuel', 'Shepherd', 'samuelshepherd@live.com', 'samuelshepherd2330'),
(391, 'Skylar', 'Simpson', 'skylarsimpson@outlook.com', 'skylarsimpson2573'),
(392, 'Braeden', 'Blanchard', 'braedenblanchard@outlook.com', 'braedenblanchard9539'),
(393, 'Julio', 'Ryan', 'julioryan@windowslive.com', 'julioryan6336'),
(394, 'Beckham', 'Becker', 'beckhambecker@live.com', 'beckhambecker3148'),
(395, 'Jasiah', 'Noble', 'jasiahnoble@gmail.com', 'jasiahnoble6030'),
(396, 'Draven', 'Olsen', 'dravenolsen@outlook.com', 'dravenolsen8537'),
(397, 'Aedan', 'Downs', 'aedandowns@yahoo.com', 'aedandowns2568'),
(398, 'Tyrone', 'Moon', 'tyronemoon@live.com', 'tyronemoon1625'),
(399, 'Gregory', 'Buchanan', 'gregorybuchanan@gmail.com', 'gregorybuchanan7114'),
(400, 'Sterling', 'Cohen', 'sterlingcohen@msn.com', 'sterlingcohen0215'),
(401, 'Kristian', 'Mccall', 'kristianmccall@gmail.com', 'kristianmccall6865'),
(402, 'Bradley', 'Mcfarland', 'bradleymcfarland@gmail.com', 'bradleymcfarland1555'),
(403, 'Antoine', 'Delacruz', 'antoinedelacruz@gmail.com', 'antoinedelacruz5270'),
(404, 'Dillon', 'Maldonado', 'dillonmaldonado@live.com', 'dillonmaldonado8405'),
(405, 'Konner', 'Moran', 'konnermoran@outlook.com', 'konnermoran4063'),
(406, 'Zackery', 'Sheppard', 'zackerysheppard@msn.com', 'zackerysheppard2943'),
(407, 'Spencer', 'Harper', 'spencerharper@gmail.com', 'spencerharper4721'),
(408, 'Ismael', 'Potter', 'ismaelpotter@msn.com', 'ismaelpotter1352'),
(409, 'Jovanni', 'Maynard', 'jovannimaynard@yahoo.com', 'jovannimaynard2206'),
(410, 'Aidyn', 'Ferrell', 'aidynferrell@msn.com', 'aidynferrell8803'),
(411, 'Cole', 'Harrell', 'coleharrell@yahoo.com', 'coleharrell2189'),
(412, 'Dillan', 'Lewis', 'dillanlewis@msn.com', 'dillanlewis2926'),
(413, 'Holden', 'Cisneros', 'holdencisneros@gmail.com', 'holdencisneros3259'),
(414, 'Trent', 'Collins', 'trentcollins@windowslive.com', 'trentcollins4730'),
(415, 'Houston', 'Allen', 'houstonallen@windowslive.com', 'houstonallen9103'),
(416, 'Giancarlo', 'Watson', 'giancarlowatson@gmail.com', 'giancarlowatson6514'),
(417, 'Darian', 'Floyd', 'darianfloyd@msn.com', 'darianfloyd5064'),
(418, 'Ricky', 'Sellers', 'rickysellers@gmail.com', 'rickysellers8806'),
(419, 'Yusuf', 'Owens', 'yusufowens@yahoo.com', 'yusufowens8142'),
(420, 'Jacoby', 'Key', 'jacobykey@msn.com', 'jacobykey3013'),
(421, 'Jeffery', 'Jacobson', 'jefferyjacobson@yahoo.com', 'jefferyjacobson8259'),
(422, 'Sam', 'Schneider', 'samschneider@yahoo.com', 'samschneider4298'),
(423, 'Jase', 'Poole', 'jasepoole@live.com', 'jasepoole9202'),
(424, 'Shane', 'Nielsen', 'shanenielsen@yahoo.com', 'shanenielsen7735'),
(425, 'Roger', 'Miranda', 'rogermiranda@yahoo.com', 'rogermiranda2974'),
(426, 'Deegan', 'Lynn', 'deeganlynn@windowslive.com', 'deeganlynn5431'),
(427, 'Tyrell', 'Figueroa', 'tyrellfigueroa@outlook.com', 'tyrellfigueroa0980'),
(428, 'Jake', 'Richard', 'jakerichard@outlook.com', 'jakerichard3599'),
(429, 'Luka', 'Jensen', 'lukajensen@msn.com', 'lukajensen1706'),
(430, 'Gavin', 'Whitaker', 'gavinwhitaker@msn.com', 'gavinwhitaker4466'),
(431, 'Aiden', 'Santana', 'aidensantana@windowslive.com', 'aidensantana9791'),
(432, 'Jackson', 'Dalton', 'jacksondalton@gmail.com', 'jacksondalton7861'),
(433, 'Kristopher', 'Galvan', 'kristophergalvan@windowslive.com', 'kristophergalvan0853'),
(434, 'Marc', 'Little', 'marclittle@live.com', 'marclittle8625'),
(435, 'King', 'Finley', 'kingfinley@windowslive.com', 'kingfinley7356'),
(436, 'Waylon', 'Frank', 'waylonfrank@gmail.com', 'waylonfrank7978'),
(437, 'Kobe', 'Adkins', 'kobeadkins@msn.com', 'kobeadkins9338'),
(438, 'Jamal', 'Eaton', 'jamaleaton@msn.com', 'jamaleaton5609'),
(439, 'Cade', 'Mejia', 'cademejia@windowslive.com', 'cademejia6444'),
(440, 'Milo', 'Whitehead', 'milowhitehead@outlook.com', 'milowhitehead7875'),
(441, 'Adan', 'Abbott', 'adanabbott@outlook.com', 'adanabbott6140'),
(442, 'Luis', 'Robertson', 'luisrobertson@outlook.com', 'luisrobertson2530'),
(443, 'Talon', 'Farley', 'talonfarley@outlook.com', 'talonfarley8880'),
(444, 'Davin', 'Conner', 'davinconner@outlook.com', 'davinconner6706'),
(445, 'Alessandro', 'Sweeney', 'alessandrosweeney@gmail.com', 'alessandrosweeney8655'),
(446, 'Nikhil', 'Boyer', 'nikhilboyer@gmail.com', 'nikhilboyer4356'),
(447, 'Vance', 'Wall', 'vancewall@gmail.com', 'vancewall9681'),
(448, 'Killian', 'Case', 'killiancase@msn.com', 'killiancase8814'),
(449, 'Baron', 'Andersen', 'baronandersen@yahoo.com', 'baronandersen6299'),
(450, 'Darnell', 'Kaiser', 'darnellkaiser@outlook.com', 'darnellkaiser1747'),
(451, 'Landen', 'Burnett', 'landenburnett@outlook.com', 'landenburnett9586'),
(452, 'Ivan', 'Farmer', 'ivanfarmer@live.com', 'ivanfarmer3300'),
(453, 'Joshua', 'Perez', 'joshuaperez@live.com', 'joshuaperez5219'),
(454, 'Joey', 'Rollins', 'joeyrollins@yahoo.com', 'joeyrollins0482'),
(455, 'Jonas', 'Cardenas', 'jonascardenas@windowslive.com', 'jonascardenas8884'),
(456, 'Liam', 'Dorsey', 'liamdorsey@outlook.com', 'liamdorsey9715'),
(457, 'Duncan', 'Mcintyre', 'duncanmcintyre@windowslive.com', 'duncanmcintyre3159'),
(458, 'Adrien', 'Holmes', 'adrienholmes@msn.com', 'adrienholmes0438'),
(459, 'Martin', 'Koch', 'martinkoch@outlook.com', 'martinkoch4194'),
(460, 'Alonso', 'Horton', 'alonsohorton@yahoo.com', 'alonsohorton8065'),
(461, 'Rashad', 'Salas', 'rashadsalas@outlook.com', 'rashadsalas3471'),
(462, 'Yair', 'Harmon', 'yairharmon@gmail.com', 'yairharmon3393'),
(463, 'Esteban', 'Summers', 'estebansummers@live.com', 'estebansummers5605'),
(464, 'Brent', 'Cunningham', 'brentcunningham@msn.com', 'brentcunningham6670'),
(465, 'Rudy', 'Martinez', 'rudymartinez@windowslive.com', 'rudymartinez9633'),
(466, 'Dereon', 'Palmer', 'dereonpalmer@live.com', 'dereonpalmer0808'),
(467, 'Colt', 'Brady', 'coltbrady@outlook.com', 'coltbrady8513'),
(468, 'Steve', 'Bean', 'stevebean@msn.com', 'stevebean3925'),
(469, 'Valentino', 'Reed', 'valentinoreed@windowslive.com', 'valentinoreed5181'),
(470, 'Craig', 'Leach', 'craigleach@msn.com', 'craigleach4461'),
(471, 'Ryland', 'Blevins', 'rylandblevins@yahoo.com', 'rylandblevins2928'),
(472, 'Cannon', 'Sullivan', 'cannonsullivan@outlook.com', 'cannonsullivan2409'),
(473, 'Ramon', 'Arroyo', 'ramonarroyo@windowslive.com', 'ramonarroyo4405'),
(474, 'Reid', 'Gaines', 'reidgaines@gmail.com', 'reidgaines4628'),
(475, 'Nelson', 'Reid', 'nelsonreid@yahoo.com', 'nelsonreid7548'),
(476, 'Kieran', 'Oliver', 'kieranoliver@yahoo.com', 'kieranoliver2638'),
(477, 'Jean', 'Schultz', 'jeanschultz@outlook.com', 'jeanschultz2669'),
(478, 'Leo', 'Braun', 'leobraun@windowslive.com', 'leobraun9615'),
(479, 'Caiden', 'Cline', 'caidencline@outlook.com', 'caidencline4601'),
(480, 'Lane', 'Blake', 'laneblake@msn.com', 'laneblake3157'),
(481, 'Bryan', 'Reese', 'bryanreese@yahoo.com', 'bryanreese3981'),
(482, 'Matthias', 'Mann', 'matthiasmann@outlook.com', 'matthiasmann9763'),
(483, 'Abram', 'Page', 'abrampage@yahoo.com', 'abrampage8175'),
(484, 'Ayaan', 'Roberson', 'ayaanroberson@yahoo.com', 'ayaanroberson6751'),
(485, 'Jorden', 'Park', 'jordenpark@yahoo.com', 'jordenpark7057'),
(486, 'Maurice', 'Bradford', 'mauricebradford@live.com', 'mauricebradford4581'),
(487, 'Eduardo', 'Salinas', 'eduardosalinas@msn.com', 'eduardosalinas1607'),
(488, 'Brogan', 'Burch', 'broganburch@live.com', 'broganburch6147'),
(489, 'Philip', 'Shields', 'philipshields@gmail.com', 'philipshields3303'),
(490, 'Shamar', 'Singleton', 'shamarsingleton@yahoo.com', 'shamarsingleton6306'),
(491, 'Damari', 'Ray', 'damariray@live.com', 'damariray2637'),
(492, 'Jameson', 'Valenzuela', 'jamesonvalenzuela@gmail.com', 'jamesonvalenzuela5609'),
(493, 'Sean', 'Bass', 'seanbass@windowslive.com', 'seanbass5920'),
(494, 'Malaki', 'Serrano', 'malakiserrano@yahoo.com', 'malakiserrano0890'),
(495, 'London', 'Sexton', 'londonsexton@windowslive.com', 'londonsexton2675'),
(496, 'Keshawn', 'Shea', 'keshawnshea@windowslive.com', 'keshawnshea6555'),
(497, 'Graham', 'Romero', 'grahamromero@windowslive.com', 'grahamromero9656'),
(498, 'Armando', 'Chase', 'armandochase@msn.com', 'armandochase8342'),
(499, 'Cortez', 'Haynes', 'cortezhaynes@yahoo.com', 'cortezhaynes7431'),
(500, 'Marques', 'Gibbs', 'marquesgibbs@msn.com', 'marquesgibbs5196'),
(501, 'Reuben', 'House', 'reubenhouse@live.com', 'reubenhouse0070'),
(502, 'Marvin', 'Craig', 'marvincraig@live.com', 'marvincraig2159'),
(503, 'Korbin', 'Benitez', 'korbinbenitez@msn.com', 'korbinbenitez0859'),
(504, 'Cruz', 'Cherry', 'cruzcherry@outlook.com', 'cruzcherry0219'),
(505, 'Melvin', 'Mills', 'melvinmills@live.com', 'melvinmills3653'),
(506, 'Julius', 'Stout', 'juliusstout@outlook.com', 'juliusstout5566'),
(507, 'Yael', 'Freeman', 'yaelfreeman@outlook.com', 'yaelfreeman9519'),
(508, 'Derek', 'Scott', 'derekscott@msn.com', 'derekscott0716'),
(509, 'Braxton', 'Wade', 'braxtonwade@live.com', 'braxtonwade4032'),
(510, 'Jagger', 'Hale', 'jaggerhale@outlook.com', 'jaggerhale8804'),
(511, 'Sebastian', 'Kennedy', 'sebastiankennedy@gmail.com', 'sebastiankennedy0155'),
(512, 'Landyn', 'York', 'landynyork@outlook.com', 'landynyork7935'),
(513, 'Sammy', 'Gilmore', 'sammygilmore@msn.com', 'sammygilmore1709'),
(514, 'Lyric', 'Davila', 'lyricdavila@live.com', 'lyricdavila7745'),
(515, 'Coleman', 'Barker', 'colemanbarker@outlook.com', 'colemanbarker1784'),
(516, 'Braydon', 'Fischer', 'braydonfischer@windowslive.com', 'braydonfischer3646'),
(517, 'Derrick', 'Kane', 'derrickkane@yahoo.com', 'derrickkane7350'),
(518, 'Leonidas', 'Blankenship', 'leonidasblankenship@outlook.com', 'leonidasblankenship9881'),
(519, 'Grayson', 'Vance', 'graysonvance@yahoo.com', 'graysonvance6563'),
(520, 'Beckett', 'Bentley', 'beckettbentley@live.com', 'beckettbentley0823'),
(521, 'Tony', 'Mayo', 'tonymayo@live.com', 'tonymayo6656'),
(522, 'Donte', 'Madden', 'dontemadden@gmail.com', 'dontemadden8682'),
(523, 'Kevin', 'Hahn', 'kevinhahn@yahoo.com', 'kevinhahn2142'),
(524, 'Remington', 'Jennings', 'remingtonjennings@msn.com', 'remingtonjennings8847'),
(525, 'Tommy', 'Barry', 'tommybarry@outlook.com', 'tommybarry1516'),
(526, 'Jessie', 'Faulkner', 'jessiefaulkner@yahoo.com', 'jessiefaulkner3981'),
(527, 'Hayden', 'Parsons', 'haydenparsons@outlook.com', 'haydenparsons8453'),
(528, 'Julian', 'Villa', 'julianvilla@gmail.com', 'julianvilla4620'),
(529, 'Aron', 'Middleton', 'aronmiddleton@windowslive.com', 'aronmiddleton4043'),
(530, 'Israel', 'Church', 'israelchurch@windowslive.com', 'israelchurch5106'),
(531, 'Dwayne', 'Avery', 'dwayneavery@gmail.com', 'dwayneavery0591'),
(532, 'Vincent', 'Mckenzie', 'vincentmckenzie@yahoo.com', 'vincentmckenzie5560'),
(533, 'Everett', 'Ayers', 'everettayers@yahoo.com', 'everettayers5316'),
(534, 'Marlon', 'Vega', 'marlonvega@msn.com', 'marlonvega3905'),
(535, 'Braden', 'Stevens', 'bradenstevens@msn.com', 'bradenstevens2226'),
(536, 'Casey', 'Oconnell', 'caseyoconnell@msn.com', 'caseyoconnell4768'),
(537, 'Devan', 'Cain', 'devancain@gmail.com', 'devancain9322'),
(538, 'Troy', 'Sawyer', 'troysawyer@outlook.com', 'troysawyer0786'),
(539, 'Quincy', 'Proctor', 'quincyproctor@msn.com', 'quincyproctor2034'),
(540, 'Isai', 'Hopkins', 'isaihopkins@windowslive.com', 'isaihopkins0477'),
(541, 'Justus', 'Robles', 'justusrobles@gmail.com', 'justusrobles5450'),
(542, 'Omar', 'Russell', 'omarrussell@outlook.com', 'omarrussell3754'),
(543, 'Jamarion', 'Martin', 'jamarionmartin@yahoo.com', 'jamarionmartin1414'),
(544, 'Emiliano', 'Frost', 'emilianofrost@gmail.com', 'emilianofrost6054'),
(545, 'Micah', 'Carey', 'micahcarey@yahoo.com', 'micahcarey5794'),
(546, 'Davian', 'Hines', 'davianhines@msn.com', 'davianhines5650'),
(547, 'Ethen', 'Brandt', 'ethenbrandt@live.com', 'ethenbrandt0512'),
(548, 'Allen', 'Kramer', 'allenkramer@msn.com', 'allenkramer3198'),
(549, 'Dominic', 'Ponce', 'dominicponce@msn.com', 'dominicponce3582'),
(550, 'Angelo', 'Logan', 'angelologan@gmail.com', 'angelologan1681'),
(551, 'Elian', 'Carr', 'eliancarr@gmail.com', 'eliancarr1538'),
(552, 'Nico', 'Hooper', 'nicohooper@outlook.com', 'nicohooper6451'),
(553, 'Rocco', 'Castaneda', 'roccocastaneda@windowslive.com', 'roccocastaneda4342'),
(554, 'Chance', 'Crosby', 'chancecrosby@windowslive.com', 'chancecrosby0615'),
(555, 'Dangelo', 'Gould', 'dangelogould@gmail.com', 'dangelogould0836'),
(556, 'Messiah', 'Berg', 'messiahberg@gmail.com', 'messiahberg4410'),
(557, 'Omari', 'Payne', 'omaripayne@yahoo.com', 'omaripayne0718'),
(558, 'Jordyn', 'Rojas', 'jordynrojas@yahoo.com', 'jordynrojas0345'),
(559, 'Dayton', 'Burns', 'daytonburns@msn.com', 'daytonburns2014'),
(560, 'Nicolas', 'Hartman', 'nicolashartman@outlook.com', 'nicolashartman6085'),
(561, 'Samson', 'Pacheco', 'samsonpacheco@yahoo.com', 'samsonpacheco6792'),
(562, 'Tucker', 'Watts', 'tuckerwatts@windowslive.com', 'tuckerwatts1046'),
(563, 'Maxwell', 'Oneill', 'maxwelloneill@gmail.com', 'maxwelloneill1931'),
(564, 'Mitchell', 'Henderson', 'mitchellhenderson@gmail.com', 'mitchellhenderson5568'),
(565, 'Jadiel', 'Gallegos', 'jadielgallegos@live.com', 'jadielgallegos7445'),
(566, 'Jamari', 'Rowland', 'jamarirowland@msn.com', 'jamarirowland1379'),
(567, 'Broderick', 'Mays', 'broderickmays@yahoo.com', 'broderickmays6497'),
(568, 'Xzavier', 'Bowen', 'xzavierbowen@yahoo.com', 'xzavierbowen4841'),
(569, 'Kendrick', 'Obrien', 'kendrickobrien@msn.com', 'kendrickobrien2976'),
(570, 'River', 'Leblanc', 'riverleblanc@windowslive.com', 'riverleblanc4741'),
(571, 'Zander', 'Jordan', 'zanderjordan@gmail.com', 'zanderjordan5482'),
(572, 'Easton', 'Bryant', 'eastonbryant@yahoo.com', 'eastonbryant0018'),
(573, 'Javier', 'Meyer', 'javiermeyer@live.com', 'javiermeyer5691'),
(574, 'Pranav', 'Bishop', 'pranavbishop@windowslive.com', 'pranavbishop1426'),
(575, 'Damion', 'Sutton', 'damionsutton@outlook.com', 'damionsutton5704'),
(576, 'Alexis', 'Morales', 'alexismorales@outlook.com', 'alexismorales4323'),
(577, 'Quinn', 'Fuentes', 'quinnfuentes@outlook.com', 'quinnfuentes6905'),
(578, 'Jarrett', 'Thompson', 'jarrettthompson@windowslive.com', 'jarrettthompson1876'),
(579, 'Noah', 'Haley', 'noahhaley@live.com', 'noahhaley9080'),
(580, 'Micheal', 'Terry', 'michealterry@outlook.com', 'michealterry9003'),
(581, 'Bryant', 'Holland', 'bryantholland@windowslive.com', 'bryantholland3979'),
(582, 'Johnny', 'Carter', 'johnnycarter@windowslive.com', 'johnnycarter5115'),
(583, 'Eric', 'Ingram', 'ericingram@outlook.com', 'ericingram5226'),
(584, 'Heath', 'Haney', 'heathhaney@outlook.com', 'heathhaney0376'),
(585, 'Terrence', 'Odonnell', 'terrenceodonnell@windowslive.com', 'terrenceodonnell4204'),
(586, 'Grady', 'Santos', 'gradysantos@gmail.com', 'gradysantos5493'),
(587, 'Damian', 'Ashley', 'damianashley@yahoo.com', 'damianashley6246'),
(588, 'Ali', 'Rosales', 'alirosales@msn.com', 'alirosales4004'),
(589, 'Giovanni', 'Huang', 'giovannihuang@live.com', 'giovannihuang8715'),
(590, 'Axel', 'Hampton', 'axelhampton@live.com', 'axelhampton0250'),
(591, 'Abel', 'Rosario', 'abelrosario@msn.com', 'abelrosario6327'),
(592, 'Mohammed', 'Elliott', 'mohammedelliott@msn.com', 'mohammedelliott8361'),
(593, 'Aden', 'Gill', 'adengill@msn.com', 'adengill4588'),
(594, 'Felix', 'Phelps', 'felixphelps@live.com', 'felixphelps0227'),
(595, 'Uriel', 'Cooley', 'urielcooley@yahoo.com', 'urielcooley0691'),
(596, 'Layton', 'Mooney', 'laytonmooney@gmail.com', 'laytonmooney8796'),
(597, 'Ulises', 'Parks', 'ulisesparks@yahoo.com', 'ulisesparks1147'),
(598, 'Ernesto', 'Williams', 'ernestowilliams@outlook.com', 'ernestowilliams3313'),
(599, 'Darius', 'Weiss', 'dariusweiss@msn.com', 'dariusweiss3633'),
(600, 'Boston', 'Simmons', 'bostonsimmons@outlook.com', 'bostonsimmons6154'),
(601, 'a', 'cccc', 'a@bbbb.com', 'a');

-- --------------------------------------------------------

--
-- Tablo için tablo yapısı `operation`
--

CREATE TABLE `operation` (
  `OperationID` int(11) NOT NULL,
  `OperationName` varchar(20) NOT NULL,
  `Price` double NOT NULL
) ENGINE=InnoDB DEFAULT CHARSET=utf8mb4;

--
-- Tablo döküm verisi `operation`
--

INSERT INTO `operation` (`OperationID`, `OperationName`, `Price`) VALUES
(1, 'Hair Cut', 15),
(2, 'Hair Cut Under 14', 12),
(3, 'Razor Cut', 8),
(4, 'Beard Trim', 10),
(5, 'Head Shave', 3),
(6, 'Wax', 5),
(7, 'Hair Coloring', 50);

-- --------------------------------------------------------

--
-- Tablo için tablo yapısı `operation_selection`
--

CREATE TABLE `operation_selection` (
  `SelectionID` bigint(11) NOT NULL,
  `ReservationID` bigint(20) NOT NULL,
  `OperationID` int(11) NOT NULL
) ENGINE=InnoDB DEFAULT CHARSET=utf8mb4;

--
-- Tablo döküm verisi `operation_selection`
--

INSERT INTO `operation_selection` (`SelectionID`, `ReservationID`, `OperationID`) VALUES
(210101153023, 21010115302, 3),
(210104183035, 21010418303, 5),
(210106100013, 21010610001, 3),
(210106110011, 21010611001, 1),
(210108133071, 21010813307, 1),
(210108133074, 21010813307, 4),
(210108133076, 21010813307, 6),
(210111120046, 21011112004, 6),
(210112110032, 21011211003, 2),
(210112193031, 21011219303, 1),
(210112193034, 21011219303, 4),
(210112193037, 21011219303, 7),
(210113113015, 21011311301, 5),
(210113140014, 21011314001, 4),
(210113140031, 21011314003, 1),
(210113140033, 21011314003, 3),
(210113200071, 21011320007, 1),
(210113200073, 21011320007, 3),
(210113200077, 21011320007, 7),
(210114090076, 21011409007, 6),
(210115103026, 21011510302, 6),
(210115103027, 21011510302, 7),
(210118090036, 21011809003, 6),
(210118120046, 21011812004, 6),
(210119133045, 21011913304, 5),
(210119163043, 21011916304, 3),
(210120093074, 21012009307, 4),
(210120173035, 21012017303, 5),
(210121160045, 21012116004, 5),
(210121163025, 21012116302, 5),
(210122173032, 21012217303, 2),
(210122173037, 21012217303, 7),
(210125100042, 21012510004, 2),
(210126123016, 21012612301, 6),
(210128103026, 21012810302, 6),
(210129113026, 21012911302, 6),
(210129140043, 21012914004, 3),
(210129140045, 21012914004, 5),
(210201150022, 21020115002, 2),
(210202173046, 21020217304, 6),
(210203083036, 21020308303, 6),
(210203163022, 21020316302, 2),
(210203163024, 21020316302, 4),
(210203163027, 21020316302, 7),
(210203183013, 21020318301, 3),
(210203200023, 21020320002, 3),
(210205170015, 21020517001, 5),
(210208090071, 21020809007, 1),
(210208090076, 21020809007, 6),
(210208150031, 21020815003, 1),
(210208170012, 21020817001, 2),
(210208170013, 21020817001, 3),
(210208170016, 21020817001, 6),
(210208170017, 21020817001, 7),
(210209130024, 21020913002, 4),
(210209200024, 21020920002, 4),
(210210110042, 21021011004, 2),
(210211180014, 21021118001, 4),
(210211180016, 21021118001, 6),
(210211180017, 21021118001, 7),
(210212163037, 21021216303, 7),
(210212183071, 21021218307, 1),
(210215160047, 21021516004, 7),
(210215190041, 21021519004, 1),
(210215190044, 21021519004, 4),
(210218133045, 21021813304, 5),
(210219110041, 21021911004, 1),
(210219110044, 21021911004, 4),
(210219110046, 21021911004, 6),
(210219143031, 21021914303, 1),
(210219143032, 21021914303, 2),
(210219143033, 21021914303, 3),
(210219143034, 21021914303, 4),
(210219143037, 21021914303, 7),
(210219193017, 21021919301, 7),
(210223113034, 21022311303, 4),
(210223160021, 21022316002, 1),
(210223160024, 21022316002, 4),
(210223160025, 21022316002, 5),
(210224100032, 21022410003, 2),
(210224173045, 21022417304, 5),
(210225100031, 21022510003, 1),
(210225100036, 21022510003, 6),
(210226150036, 21022615003, 6),
(210226170043, 21022617004, 3),
(210301130071, 21030113007, 1),
(210301170042, 21030117004, 2),
(210304133032, 21030413303, 2),
(210305190071, 21030519007, 1),
(210305190076, 21030519007, 6),
(210308173075, 21030817307, 5),
(210309093032, 21030909303, 2),
(210309100031, 21030910003, 1),
(210309100032, 21030910003, 2),
(210309100034, 21030910003, 4),
(210309143041, 21030914304, 1),
(210309143044, 21030914304, 4),
(210309143047, 21030914304, 7),
(210309193042, 21030919304, 2),
(210310163042, 21031016304, 2),
(210311083011, 21031108301, 1),
(210311083015, 21031108301, 5),
(210311083016, 21031108301, 6),
(210312133042, 21031213304, 2),
(210315150076, 21031515007, 6),
(210316133042, 21031613304, 2),
(210316133046, 21031613304, 6),
(210316180022, 21031618002, 2),
(210317140042, 21031714004, 2),
(210317140046, 21031714004, 6),
(210317153021, 21031715302, 1),
(210317153022, 21031715302, 2),
(210318190041, 21031819004, 1),
(210318190042, 21031819004, 2),
(210318190075, 21031819007, 5),
(210319173042, 21031917304, 2),
(210319173043, 21031917304, 3),
(210319173045, 21031917304, 5),
(210319173047, 21031917304, 7),
(210322110012, 21032211001, 2),
(210322110013, 21032211001, 3),
(210322110014, 21032211001, 4),
(210322140024, 21032214002, 4),
(210322140025, 21032214002, 5),
(210322140026, 21032214002, 6),
(210323113033, 21032311303, 3),
(210326133072, 21032613307, 2),
(210326163011, 21032616301, 1),
(210329113014, 21032911301, 4),
(210329113016, 21032911301, 6),
(210329113017, 21032911301, 7),
(210401080034, 21040108003, 4),
(210401080036, 21040108003, 6),
(210401080037, 21040108003, 7),
(210401170036, 21040117003, 6),
(210402110023, 21040211002, 3),
(210406120043, 21040612004, 3),
(210406173033, 21040617303, 3),
(210407090026, 21040709002, 6),
(210407090075, 21040709007, 5),
(210407090077, 21040709007, 7),
(210409153023, 21040915302, 3),
(210412133013, 21041213301, 3),
(210412183012, 21041218301, 2),
(210413173022, 21041317302, 2),
(210413173024, 21041317302, 4),
(210414120075, 21041412007, 5),
(210414120077, 21041412007, 7),
(210414180021, 21041418002, 1),
(210415080022, 21041508002, 2),
(210415080024, 21041508002, 4),
(210415080026, 21041508002, 6),
(210415080027, 21041508002, 7),
(210419100047, 21041910004, 7),
(210420133022, 21042013302, 2),
(210420133023, 21042013302, 3),
(210420133027, 21042013302, 7),
(210422200014, 21042220001, 4),
(210426163047, 21042616304, 7),
(210427093027, 21042709302, 7),
(210428160044, 21042816004, 4),
(210503090031, 21050309003, 1),
(210503090037, 21050309003, 7),
(210503130076, 21050313007, 6),
(210503143013, 21050314301, 3),
(210503153074, 21050315307, 4),
(210503153077, 21050315307, 7),
(210505093023, 21050509302, 3),
(210505093024, 21050509302, 4),
(210505093025, 21050509302, 5),
(210505120032, 21050512003, 2),
(210505120037, 21050512003, 7),
(210507110024, 21050711002, 4),
(210507193041, 21050719304, 1),
(210510183016, 21051018301, 6),
(210510193014, 21051019301, 4),
(210510193015, 21051019301, 5),
(210511093072, 21051109307, 2),
(210511093073, 21051109307, 3),
(210511150072, 21051115007, 2),
(210511150074, 21051115007, 4),
(210512140044, 21051214004, 4),
(210512140045, 21051214004, 5),
(210513183022, 21051318302, 2),
(210513183023, 21051318302, 3),
(210513183024, 21051318302, 4),
(210513183026, 21051318302, 6),
(210514200043, 21051420004, 3),
(210514200046, 21051420004, 6),
(210514200047, 21051420004, 7),
(210517093041, 21051709304, 1),
(210517093045, 21051709304, 5),
(210517160027, 21051716002, 7),
(210517170025, 21051717002, 5),
(210517183024, 21051718302, 4),
(210518103011, 21051810301, 1),
(210518180024, 21051818002, 4),
(210519193014, 21051919301, 4),
(210519193017, 21051919301, 7),
(210520170022, 21052017002, 2),
(210524080022, 21052408002, 2),
(210524173036, 21052417303, 6),
(210527143047, 21052714304, 7),
(210527193022, 21052719302, 2),
(210527193025, 21052719302, 5),
(210528080025, 21052808002, 5),
(210601093031, 21060109303, 1),
(210602083021, 21060208302, 1),
(210602083026, 21060208302, 6),
(210602200017, 21060220001, 7),
(210609133071, 21060913307, 1),
(210609133073, 21060913307, 3),
(210609133074, 21060913307, 4),
(210609133077, 21060913307, 7),
(210609193032, 21060919303, 2),
(210609193033, 21060919303, 3),
(210609193035, 21060919303, 5),
(210609193036, 21060919303, 6),
(210609200011, 21060920001, 1),
(210611080017, 21061108001, 7),
(210611083073, 21061108307, 3),
(210611083074, 21061108307, 4),
(210611183022, 21061118302, 2),
(210614110045, 21061411004, 5),
(210614200022, 21061420002, 2),
(210616183022, 21061618302, 2),
(210616183024, 21061618302, 4),
(210616183026, 21061618302, 6),
(210618080013, 21061808001, 3),
(210618083043, 21061808304, 3),
(210618090074, 21061809007, 4),
(210618130012, 21061813001, 2),
(210622110041, 21062211004, 1),
(210622110043, 21062211004, 3),
(210622110045, 21062211004, 5),
(210624150042, 21062415004, 2),
(210624150045, 21062415004, 5),
(210624150047, 21062415004, 7),
(210624160011, 21062416001, 1),
(210624160012, 21062416001, 2),
(210624160013, 21062416001, 3),
(210625133012, 21062513301, 2),
(210625133013, 21062513301, 3),
(210625163073, 21062516307, 3),
(210628113037, 21062811303, 7),
(210628193043, 21062819304, 3),
(210628193047, 21062819304, 7),
(210629083032, 21062908303, 2),
(210630100043, 21063010004, 3),
(210701173014, 21070117301, 4),
(210702150041, 21070215004, 1),
(210702180011, 21070218001, 1),
(210702180073, 21070218007, 3),
(210702193077, 21070219307, 7),
(210705110071, 21070511007, 1),
(210706080013, 21070608001, 3),
(210706080021, 21070608002, 1),
(210706080022, 21070608002, 2),
(210706080023, 21070608002, 3),
(210706080025, 21070608002, 5),
(210706080026, 21070608002, 6),
(210706090033, 21070609003, 3),
(210706110042, 21070611004, 2),
(210707140024, 21070714002, 4),
(210707140026, 21070714002, 6),
(210708120047, 21070812004, 7),
(210709180075, 21070918007, 5),
(210714083022, 21071408302, 2),
(210714180044, 21071418004, 4),
(210714193044, 21071419304, 4),
(210714193045, 21071419304, 5),
(210715130037, 21071513003, 7),
(210715183027, 21071518302, 7),
(210719100072, 21071910007, 2),
(210719143072, 21071914307, 2),
(210719193011, 21071919301, 1),
(210719193012, 21071919301, 2),
(210720083045, 21072008304, 5),
(210720093025, 21072009302, 5),
(210720120042, 21072012004, 2),
(210720120044, 21072012004, 4),
(210720120045, 21072012004, 5),
(210721090022, 21072109002, 2),
(210721090023, 21072109002, 3),
(210721173071, 21072117307, 1),
(210721173076, 21072117307, 6),
(210721200046, 21072120004, 6),
(210722093075, 21072209307, 5),
(210722110042, 21072211004, 2),
(210722110043, 21072211004, 3),
(210722110044, 21072211004, 4),
(210722190026, 21072219002, 6),
(210722200071, 21072220007, 1),
(210722200074, 21072220007, 4),
(210726133014, 21072613301, 4),
(210727130077, 21072713007, 7),
(210727140022, 21072714002, 2),
(210727140027, 21072714002, 7),
(210802153021, 21080215302, 1),
(210802160016, 21080216001, 6),
(210803190035, 21080319003, 5),
(210803190037, 21080319003, 7),
(210804130041, 21080413004, 1),
(210804130043, 21080413004, 3),
(210804133044, 21080413304, 4),
(210804160022, 21080416002, 2),
(210810150033, 21081015003, 3),
(210810150035, 21081015003, 5),
(210812160031, 21081216003, 1),
(210812160033, 21081216003, 3),
(210812160034, 21081216003, 4),
(210812160037, 21081216003, 7),
(210812173073, 21081217307, 3),
(210813200014, 21081320001, 4),
(210816103021, 21081610302, 1),
(210816173033, 21081617303, 3),
(210816173036, 21081617303, 6),
(210820160075, 21082016007, 5),
(210823103046, 21082310304, 6),
(210823143016, 21082314301, 6),
(210824103034, 21082410303, 4),
(210824120035, 21082412003, 5),
(210824153032, 21082415303, 2),
(210824153036, 21082415303, 6),
(210825093035, 21082509303, 5),
(210825093036, 21082509303, 6),
(210825093037, 21082509303, 7),
(210826120025, 21082612002, 5),
(210827130072, 21082713007, 2),
(210827140021, 21082714002, 1),
(210827140024, 21082714002, 4),
(210830180023, 21083018002, 3),
(210831130027, 21083113002, 7),
(210903130037, 21090313003, 7),
(210903150015, 21090315001, 5),
(210906150026, 21090615002, 6),
(210906153017, 21090615301, 7),
(210907083072, 21090708307, 2),
(210913113025, 21091311302, 5),
(210914090072, 21091409007, 2),
(210915130043, 21091513004, 3),
(210915130046, 21091513004, 6),
(210915180024, 21091518002, 4),
(210915190012, 21091519001, 2),
(210915190015, 21091519001, 5),
(210915190017, 21091519001, 7),
(210917093073, 21091709307, 3),
(210917093074, 21091709307, 4),
(210917093076, 21091709307, 6),
(210917093077, 21091709307, 7),
(210917123073, 21091712307, 3),
(210917123075, 21091712307, 5),
(210917123076, 21091712307, 6),
(210917123077, 21091712307, 7),
(210917180023, 21091718002, 3),
(210920100012, 21092010001, 2),
(210920100017, 21092010001, 7),
(210921133077, 21092113307, 7),
(210921163022, 21092116302, 2),
(210921163027, 21092116302, 7),
(210922180071, 21092218007, 1),
(210922180072, 21092218007, 2),
(210923123075, 21092312307, 5),
(210927190025, 21092719002, 5),
(210927190026, 21092719002, 6),
(210930200076, 21093020007, 6),
(211001120036, 21100112003, 6),
(211001153016, 21100115301, 6),
(211005113044, 21100511304, 4),
(211006113042, 21100611304, 2),
(211006150011, 21100615001, 1),
(211006163012, 21100616301, 2),
(211007083011, 21100708301, 1),
(211007083013, 21100708301, 3),
(211008130043, 21100813004, 3),
(211008130046, 21100813004, 6),
(211008160035, 21100816003, 5),
(211011123044, 21101112304, 4),
(211011163071, 21101116307, 1),
(211011163072, 21101116307, 2),
(211013120012, 21101312001, 2),
(211013120016, 21101312001, 6),
(211013120074, 21101312007, 4),
(211013163032, 21101316303, 2),
(211013163037, 21101316303, 7),
(211013193041, 21101319304, 1),
(211013193044, 21101319304, 4),
(211013193046, 21101319304, 6),
(211013193047, 21101319304, 7),
(211014140022, 21101414002, 2),
(211014140024, 21101414002, 4),
(211015183021, 21101518302, 1),
(211015183023, 21101518302, 3),
(211018080046, 21101808004, 6),
(211018183077, 21101818307, 7),
(211018200045, 21101820004, 5),
(211019190014, 21101919001, 4),
(211021143027, 21102114302, 7),
(211022123046, 21102212304, 6),
(211026083011, 21102608301, 1),
(211027153076, 21102715307, 6),
(211028103031, 21102810303, 1),
(211028103033, 21102810303, 3),
(211028163036, 21102816303, 6),
(211102150034, 21110215003, 4),
(211102150036, 21110215003, 6),
(211102183037, 21110218303, 7),
(211104170075, 21110417007, 5),
(211108120013, 21110812001, 3),
(211108120015, 21110812001, 5),
(211108160012, 21110816001, 2),
(211108160017, 21110816001, 7),
(211108163011, 21110816301, 1),
(211109150014, 21110915001, 4),
(211109150015, 21110915001, 5),
(211109150017, 21110915001, 7),
(211109170044, 21110917004, 4),
(211111083076, 21111108307, 6),
(211112090021, 21111209002, 1),
(211112090026, 21111209002, 6),
(211115133042, 21111513304, 2),
(211115193016, 21111519301, 6),
(211116143041, 21111614304, 1),
(211116143047, 21111614304, 7),
(211117103032, 21111710303, 2),
(211117130034, 21111713003, 4),
(211117130036, 21111713003, 6),
(211117193042, 21111719304, 2),
(211118133071, 21111813307, 1),
(211118133072, 21111813307, 2),
(211118133075, 21111813307, 5),
(211118200044, 21111820004, 4),
(211122113021, 21112211302, 1),
(211122113027, 21112211302, 7),
(211123090032, 21112309003, 2),
(211123090035, 21112309003, 5),
(211123123022, 21112312302, 2),
(211124163032, 21112416303, 2),
(211125180045, 21112518004, 5),
(211125200013, 21112520001, 3),
(211126123031, 21112612303, 1),
(211126123034, 21112612303, 4),
(211129080071, 21112908007, 1),
(211129080073, 21112908007, 3),
(211129080075, 21112908007, 5),
(211129080077, 21112908007, 7),
(211129170026, 21112917002, 6),
(211129180022, 21112918002, 2),
(211201100033, 21120110003, 3),
(211201100035, 21120110003, 5),
(211202113072, 21120211307, 2),
(211202113074, 21120211307, 4),
(211202113075, 21120211307, 5),
(211202143027, 21120214302, 7),
(211202143042, 21120214304, 2),
(211202143045, 21120214304, 5),
(211203080021, 21120308002, 1),
(211203080027, 21120308002, 7),
(211207190023, 21120719002, 3),
(211207190026, 21120719002, 6),
(211208080033, 21120808003, 3),
(211213180074, 21121318007, 4),
(211214133032, 21121413303, 2),
(211214180077, 21121418007, 7),
(211215133044, 21121513304, 4),
(211215133047, 21121513304, 7),
(211215163074, 21121516307, 4),
(211216080014, 21121608001, 4),
(211217183031, 21121718303, 1),
(211221143022, 21122114302, 2),
(211222120027, 21122212002, 7),
(211222153043, 21122215304, 3),
(211222153045, 21122215304, 5),
(211222183016, 21122218301, 6),
(211227183023, 21122718302, 3),
(211228150043, 21122815004, 3),
(211228150044, 21122815004, 4),
(211228193015, 21122819301, 5),
(211231153071, 21123115307, 1),
(211231153073, 21123115307, 3),
(211231163076, 21123116307, 6);

-- --------------------------------------------------------

--
-- Tablo için tablo yapısı `reservation`
--

CREATE TABLE `reservation` (
  `ReservationID` bigint(20) NOT NULL,
  `ReservationDate` date NOT NULL,
  `ReservationTime` time NOT NULL,
  `isDone` enum('Waiting','Done','Canceled') DEFAULT 'Waiting',
  `TotalPrice` int(11) NOT NULL DEFAULT 0,
  `BarberID` int(11) NOT NULL,
  `CustomerID` int(11) NOT NULL
) ENGINE=InnoDB DEFAULT CHARSET=utf8mb4;

--
-- Tablo döküm verisi `reservation`
--

INSERT INTO `reservation` (`ReservationID`, `ReservationDate`, `ReservationTime`, `isDone`, `TotalPrice`, `BarberID`, `CustomerID`) VALUES
(21010115302, '2021-01-01', '15:30:00', 'Canceled', 8, 2, 549),
(21010418303, '2021-01-04', '18:30:00', 'Canceled', 3, 3, 458),
(21010610001, '2021-01-06', '10:00:00', 'Done', 8, 1, 547),
(21010611001, '2021-01-06', '11:00:00', 'Done', 15, 1, 277),
(21010813307, '2021-01-08', '13:30:00', 'Canceled', 30, 7, 352),
(21011112004, '2021-01-11', '12:00:00', 'Canceled', 5, 4, 177),
(21011211003, '2021-01-12', '11:00:00', 'Done', 12, 3, 452),
(21011219303, '2021-01-12', '19:30:00', 'Canceled', 75, 3, 590),
(21011311301, '2021-01-13', '11:30:00', 'Canceled', 3, 1, 391),
(21011314001, '2021-01-13', '14:00:00', 'Done', 10, 1, 342),
(21011314003, '2021-01-13', '14:00:00', 'Done', 23, 3, 379),
(21011320007, '2021-01-13', '20:00:00', 'Done', 73, 7, 516),
(21011409007, '2021-01-14', '09:00:00', 'Done', 5, 7, 587),
(21011510302, '2021-01-15', '10:30:00', 'Done', 55, 2, 449),
(21011809003, '2021-01-18', '09:00:00', 'Done', 5, 3, 16),
(21011812004, '2021-01-18', '12:00:00', 'Canceled', 5, 4, 501),
(21011913304, '2021-01-19', '13:30:00', 'Canceled', 3, 4, 26),
(21011916304, '2021-01-19', '16:30:00', 'Canceled', 8, 4, 420),
(21012009307, '2021-01-20', '09:30:00', 'Canceled', 10, 7, 97),
(21012017303, '2021-01-20', '17:30:00', 'Canceled', 3, 3, 403),
(21012116004, '2021-01-21', '16:00:00', 'Done', 3, 4, 198),
(21012116302, '2021-01-21', '16:30:00', 'Done', 3, 2, 415),
(21012217303, '2021-01-22', '17:30:00', 'Done', 62, 3, 502),
(21012510004, '2021-01-25', '10:00:00', 'Canceled', 12, 4, 341),
(21012612301, '2021-01-26', '12:30:00', 'Canceled', 5, 1, 286),
(21012810302, '2021-01-28', '10:30:00', 'Done', 5, 2, 45),
(21012911302, '2021-01-29', '11:30:00', 'Canceled', 5, 2, 427),
(21012914004, '2021-01-29', '14:00:00', 'Done', 11, 4, 583),
(21020115002, '2021-02-01', '15:00:00', 'Done', 12, 2, 490),
(21020217304, '2021-02-02', '17:30:00', 'Canceled', 5, 4, 328),
(21020308303, '2021-02-03', '08:30:00', 'Canceled', 5, 3, 246),
(21020316302, '2021-02-03', '16:30:00', 'Canceled', 72, 2, 413),
(21020318301, '2021-02-03', '18:30:00', 'Done', 8, 1, 15),
(21020320002, '2021-02-03', '20:00:00', 'Canceled', 8, 2, 566),
(21020517001, '2021-02-05', '17:00:00', 'Done', 3, 1, 180),
(21020809007, '2021-02-08', '09:00:00', 'Done', 20, 7, 425),
(21020815003, '2021-02-08', '15:00:00', 'Canceled', 15, 3, 182),
(21020817001, '2021-02-08', '17:00:00', 'Canceled', 75, 1, 526),
(21020913002, '2021-02-09', '13:00:00', 'Canceled', 10, 2, 271),
(21020920002, '2021-02-09', '20:00:00', 'Done', 10, 2, 507),
(21021011004, '2021-02-10', '11:00:00', 'Done', 12, 4, 418),
(21021118001, '2021-02-11', '18:00:00', 'Done', 65, 1, 355),
(21021216303, '2021-02-12', '16:30:00', 'Canceled', 50, 3, 139),
(21021218307, '2021-02-12', '18:30:00', 'Done', 15, 7, 385),
(21021516004, '2021-02-15', '16:00:00', 'Canceled', 50, 4, 291),
(21021519004, '2021-02-15', '19:00:00', 'Canceled', 25, 4, 591),
(21021813304, '2021-02-18', '13:30:00', 'Done', 3, 4, 187),
(21021911004, '2021-02-19', '11:00:00', 'Done', 30, 4, 149),
(21021914303, '2021-02-19', '14:30:00', 'Done', 95, 3, 471),
(21021919301, '2021-02-19', '19:30:00', 'Canceled', 50, 1, 270),
(21022311303, '2021-02-23', '11:30:00', 'Done', 10, 3, 496),
(21022316002, '2021-02-23', '16:00:00', 'Canceled', 28, 2, 199),
(21022410003, '2021-02-24', '10:00:00', 'Canceled', 12, 3, 352),
(21022417304, '2021-02-24', '17:30:00', 'Done', 3, 4, 569),
(21022510003, '2021-02-25', '10:00:00', 'Done', 20, 3, 191),
(21022615003, '2021-02-26', '15:00:00', 'Done', 5, 3, 395),
(21022617004, '2021-02-26', '17:00:00', 'Done', 8, 4, 435),
(21030113007, '2021-03-01', '13:00:00', 'Done', 15, 7, 100),
(21030117004, '2021-03-01', '17:00:00', 'Done', 12, 4, 305),
(21030413303, '2021-03-04', '13:30:00', 'Done', 12, 3, 103),
(21030519007, '2021-03-05', '19:00:00', 'Done', 20, 7, 333),
(21030817307, '2021-03-08', '17:30:00', 'Done', 3, 7, 518),
(21030909303, '2021-03-09', '09:30:00', 'Canceled', 12, 3, 303),
(21030910003, '2021-03-09', '10:00:00', 'Done', 37, 3, 501),
(21030914304, '2021-03-09', '14:30:00', 'Done', 75, 4, 100),
(21030919304, '2021-03-09', '19:30:00', 'Done', 12, 4, 550),
(21031016304, '2021-03-10', '16:30:00', 'Done', 12, 4, 31),
(21031108301, '2021-03-11', '08:30:00', 'Canceled', 23, 1, 442),
(21031213304, '2021-03-12', '13:30:00', 'Canceled', 12, 4, 329),
(21031515007, '2021-03-15', '15:00:00', 'Done', 5, 7, 45),
(21031613304, '2021-03-16', '13:30:00', 'Canceled', 17, 4, 251),
(21031618002, '2021-03-16', '18:00:00', 'Canceled', 12, 2, 136),
(21031714004, '2021-03-17', '14:00:00', 'Canceled', 17, 4, 23),
(21031715302, '2021-03-17', '15:30:00', 'Canceled', 27, 2, 260),
(21031819004, '2021-03-18', '19:00:00', 'Canceled', 27, 4, 548),
(21031819007, '2021-03-18', '19:00:00', 'Done', 3, 7, 113),
(21031917304, '2021-03-19', '17:30:00', 'Done', 73, 4, 276),
(21032211001, '2021-03-22', '11:00:00', 'Done', 30, 1, 468),
(21032214002, '2021-03-22', '14:00:00', 'Done', 18, 2, 507),
(21032311303, '2021-03-23', '11:30:00', 'Done', 8, 3, 110),
(21032613307, '2021-03-26', '13:30:00', 'Canceled', 12, 7, 173),
(21032616301, '2021-03-26', '16:30:00', 'Canceled', 15, 1, 350),
(21032911301, '2021-03-29', '11:30:00', 'Done', 65, 1, 449),
(21040108003, '2021-04-01', '08:00:00', 'Canceled', 65, 3, 412),
(21040117003, '2021-04-01', '17:00:00', 'Done', 5, 3, 548),
(21040211002, '2021-04-02', '11:00:00', 'Done', 8, 2, 66),
(21040612004, '2021-04-06', '12:00:00', 'Canceled', 8, 4, 142),
(21040617303, '2021-04-06', '17:30:00', 'Canceled', 8, 3, 97),
(21040709002, '2021-04-07', '09:00:00', 'Done', 5, 2, 143),
(21040709007, '2021-04-07', '09:00:00', 'Done', 53, 7, 207),
(21040915302, '2021-04-09', '15:30:00', 'Done', 8, 2, 2),
(21041213301, '2021-04-12', '13:30:00', 'Canceled', 8, 1, 195),
(21041218301, '2021-04-12', '18:30:00', 'Canceled', 12, 1, 58),
(21041317302, '2021-04-13', '17:30:00', 'Canceled', 22, 2, 124),
(21041412007, '2021-04-14', '12:00:00', 'Done', 53, 7, 70),
(21041418002, '2021-04-14', '18:00:00', 'Canceled', 15, 2, 425),
(21041508002, '2021-04-15', '08:00:00', 'Done', 77, 2, 402),
(21041910004, '2021-04-19', '10:00:00', 'Canceled', 50, 4, 458),
(21042013302, '2021-04-20', '13:30:00', 'Canceled', 70, 2, 523),
(21042220001, '2021-04-22', '20:00:00', 'Canceled', 10, 1, 506),
(21042616304, '2021-04-26', '16:30:00', 'Canceled', 50, 4, 89),
(21042709302, '2021-04-27', '09:30:00', 'Canceled', 50, 2, 335),
(21042816004, '2021-04-28', '16:00:00', 'Done', 10, 4, 593),
(21050309003, '2021-05-03', '09:00:00', 'Done', 65, 3, 307),
(21050313007, '2021-05-03', '13:00:00', 'Canceled', 5, 7, 346),
(21050314301, '2021-05-03', '14:30:00', 'Canceled', 8, 1, 411),
(21050315307, '2021-05-03', '15:30:00', 'Canceled', 60, 7, 144),
(21050509302, '2021-05-05', '09:30:00', 'Done', 21, 2, 133),
(21050512003, '2021-05-05', '12:00:00', 'Done', 62, 3, 260),
(21050711002, '2021-05-07', '11:00:00', 'Done', 10, 2, 146),
(21050719304, '2021-05-07', '19:30:00', 'Canceled', 15, 4, 209),
(21051018301, '2021-05-10', '18:30:00', 'Done', 5, 1, 193),
(21051019301, '2021-05-10', '19:30:00', 'Canceled', 13, 1, 63),
(21051109307, '2021-05-11', '09:30:00', 'Done', 20, 7, 508),
(21051115007, '2021-05-11', '15:00:00', 'Done', 22, 7, 358),
(21051214004, '2021-05-12', '14:00:00', 'Done', 13, 4, 470),
(21051318302, '2021-05-13', '18:30:00', 'Done', 35, 2, 498),
(21051420004, '2021-05-14', '20:00:00', 'Canceled', 63, 4, 439),
(21051709304, '2021-05-17', '09:30:00', 'Done', 18, 4, 242),
(21051716002, '2021-05-17', '16:00:00', 'Done', 50, 2, 47),
(21051717002, '2021-05-17', '17:00:00', 'Canceled', 3, 2, 556),
(21051718302, '2021-05-17', '18:30:00', 'Done', 10, 2, 412),
(21051810301, '2021-05-18', '10:30:00', 'Done', 15, 1, 68),
(21051818002, '2021-05-18', '18:00:00', 'Canceled', 10, 2, 397),
(21051919301, '2021-05-19', '19:30:00', 'Done', 60, 1, 362),
(21052017002, '2021-05-20', '17:00:00', 'Done', 12, 2, 446),
(21052408002, '2021-05-24', '08:00:00', 'Canceled', 12, 2, 530),
(21052417303, '2021-05-24', '17:30:00', 'Canceled', 5, 3, 269),
(21052714304, '2021-05-27', '14:30:00', 'Canceled', 50, 4, 373),
(21052719302, '2021-05-27', '19:30:00', 'Canceled', 15, 2, 208),
(21052808002, '2021-05-28', '08:00:00', 'Canceled', 3, 2, 436),
(21060109303, '2021-06-01', '09:30:00', 'Waiting', 15, 3, 14),
(21060208302, '2021-06-02', '08:30:00', 'Waiting', 20, 2, 571),
(21060220001, '2021-06-02', '20:00:00', 'Waiting', 50, 1, 485),
(21060913307, '2021-06-09', '13:30:00', 'Waiting', 83, 7, 149),
(21060919303, '2021-06-09', '19:30:00', 'Waiting', 28, 3, 514),
(21060920001, '2021-06-09', '20:00:00', 'Waiting', 15, 1, 400),
(21061108001, '2021-06-11', '08:00:00', 'Waiting', 50, 1, 88),
(21061108307, '2021-06-11', '08:30:00', 'Waiting', 18, 7, 360),
(21061118302, '2021-06-11', '18:30:00', 'Waiting', 12, 2, 271),
(21061411004, '2021-06-14', '11:00:00', 'Waiting', 3, 4, 415),
(21061420002, '2021-06-14', '20:00:00', 'Waiting', 12, 2, 483),
(21061618302, '2021-06-16', '18:30:00', 'Waiting', 27, 2, 159),
(21061808001, '2021-06-18', '08:00:00', 'Waiting', 8, 1, 463),
(21061808304, '2021-06-18', '08:30:00', 'Waiting', 8, 4, 564),
(21061809007, '2021-06-18', '09:00:00', 'Waiting', 10, 7, 105),
(21061813001, '2021-06-18', '13:00:00', 'Waiting', 12, 1, 386),
(21062211004, '2021-06-22', '11:00:00', 'Waiting', 26, 4, 555),
(21062415004, '2021-06-24', '15:00:00', 'Waiting', 65, 4, 61),
(21062416001, '2021-06-24', '16:00:00', 'Waiting', 35, 1, 362),
(21062513301, '2021-06-25', '13:30:00', 'Waiting', 20, 1, 387),
(21062516307, '2021-06-25', '16:30:00', 'Waiting', 8, 7, 59),
(21062811303, '2021-06-28', '11:30:00', 'Waiting', 50, 3, 548),
(21062819304, '2021-06-28', '19:30:00', 'Waiting', 58, 4, 76),
(21062908303, '2021-06-29', '08:30:00', 'Waiting', 12, 3, 207),
(21063010004, '2021-06-30', '10:00:00', 'Waiting', 8, 4, 43),
(21070117301, '2021-07-01', '17:30:00', 'Waiting', 10, 1, 286),
(21070215004, '2021-07-02', '15:00:00', 'Waiting', 15, 4, 104),
(21070218001, '2021-07-02', '18:00:00', 'Waiting', 15, 1, 360),
(21070218007, '2021-07-02', '18:00:00', 'Waiting', 8, 7, 422),
(21070219307, '2021-07-02', '19:30:00', 'Waiting', 50, 7, 440),
(21070511007, '2021-07-05', '11:00:00', 'Waiting', 15, 7, 224),
(21070608001, '2021-07-06', '08:00:00', 'Waiting', 8, 1, 514),
(21070608002, '2021-07-06', '08:00:00', 'Waiting', 43, 2, 553),
(21070609003, '2021-07-06', '09:00:00', 'Waiting', 8, 3, 117),
(21070611004, '2021-07-06', '11:00:00', 'Waiting', 12, 4, 446),
(21070714002, '2021-07-07', '14:00:00', 'Waiting', 15, 2, 114),
(21070812004, '2021-07-08', '12:00:00', 'Waiting', 50, 4, 311),
(21070918007, '2021-07-09', '18:00:00', 'Waiting', 3, 7, 548),
(21071408302, '2021-07-14', '08:30:00', 'Waiting', 12, 2, 136),
(21071418004, '2021-07-14', '18:00:00', 'Waiting', 10, 4, 594),
(21071419304, '2021-07-14', '19:30:00', 'Waiting', 13, 4, 300),
(21071513003, '2021-07-15', '13:00:00', 'Waiting', 50, 3, 542),
(21071518302, '2021-07-15', '18:30:00', 'Waiting', 50, 2, 356),
(21071910007, '2021-07-19', '10:00:00', 'Waiting', 12, 7, 242),
(21071914307, '2021-07-19', '14:30:00', 'Waiting', 12, 7, 170),
(21071919301, '2021-07-19', '19:30:00', 'Waiting', 27, 1, 249),
(21072008304, '2021-07-20', '08:30:00', 'Waiting', 3, 4, 386),
(21072009302, '2021-07-20', '09:30:00', 'Waiting', 3, 2, 87),
(21072012004, '2021-07-20', '12:00:00', 'Waiting', 25, 4, 389),
(21072109002, '2021-07-21', '09:00:00', 'Waiting', 20, 2, 225),
(21072117307, '2021-07-21', '17:30:00', 'Waiting', 20, 7, 232),
(21072120004, '2021-07-21', '20:00:00', 'Waiting', 5, 4, 236),
(21072209307, '2021-07-22', '09:30:00', 'Waiting', 3, 7, 455),
(21072211004, '2021-07-22', '11:00:00', 'Waiting', 30, 4, 409),
(21072219002, '2021-07-22', '19:00:00', 'Waiting', 5, 2, 551),
(21072220007, '2021-07-22', '20:00:00', 'Waiting', 25, 7, 71),
(21072613301, '2021-07-26', '13:30:00', 'Waiting', 10, 1, 41),
(21072713007, '2021-07-27', '13:00:00', 'Waiting', 50, 7, 324),
(21072714002, '2021-07-27', '14:00:00', 'Waiting', 62, 2, 237),
(21080215302, '2021-08-02', '15:30:00', 'Waiting', 15, 2, 139),
(21080216001, '2021-08-02', '16:00:00', 'Waiting', 5, 1, 266),
(21080319003, '2021-08-03', '19:00:00', 'Waiting', 53, 3, 473),
(21080413004, '2021-08-04', '13:00:00', 'Waiting', 23, 4, 474),
(21080413304, '2021-08-04', '13:30:00', 'Waiting', 10, 4, 569),
(21080416002, '2021-08-04', '16:00:00', 'Waiting', 12, 2, 539),
(21081015003, '2021-08-10', '15:00:00', 'Waiting', 11, 3, 26),
(21081216003, '2021-08-12', '16:00:00', 'Waiting', 83, 3, 534),
(21081217307, '2021-08-12', '17:30:00', 'Waiting', 8, 7, 422),
(21081320001, '2021-08-13', '20:00:00', 'Waiting', 10, 1, 152),
(21081610302, '2021-08-16', '10:30:00', 'Waiting', 15, 2, 45),
(21081617303, '2021-08-16', '17:30:00', 'Waiting', 13, 3, 540),
(21082016007, '2021-08-20', '16:00:00', 'Waiting', 3, 7, 264),
(21082310304, '2021-08-23', '10:30:00', 'Waiting', 5, 4, 9),
(21082314301, '2021-08-23', '14:30:00', 'Waiting', 5, 1, 422),
(21082410303, '2021-08-24', '10:30:00', 'Waiting', 10, 3, 343),
(21082412003, '2021-08-24', '12:00:00', 'Waiting', 3, 3, 9),
(21082415303, '2021-08-24', '15:30:00', 'Waiting', 17, 3, 129),
(21082509303, '2021-08-25', '09:30:00', 'Waiting', 58, 3, 588),
(21082612002, '2021-08-26', '12:00:00', 'Waiting', 3, 2, 262),
(21082713007, '2021-08-27', '13:00:00', 'Waiting', 12, 7, 70),
(21082714002, '2021-08-27', '14:00:00', 'Waiting', 25, 2, 498),
(21083018002, '2021-08-30', '18:00:00', 'Waiting', 8, 2, 385),
(21083113002, '2021-08-31', '13:00:00', 'Waiting', 50, 2, 390),
(21090313003, '2021-09-03', '13:00:00', 'Waiting', 50, 3, 307),
(21090315001, '2021-09-03', '15:00:00', 'Waiting', 3, 1, 103),
(21090615002, '2021-09-06', '15:00:00', 'Waiting', 5, 2, 25),
(21090615301, '2021-09-06', '15:30:00', 'Waiting', 50, 1, 364),
(21090708307, '2021-09-07', '08:30:00', 'Waiting', 12, 7, 521),
(21091311302, '2021-09-13', '11:30:00', 'Waiting', 3, 2, 99),
(21091409007, '2021-09-14', '09:00:00', 'Waiting', 12, 7, 260),
(21091513004, '2021-09-15', '13:00:00', 'Waiting', 13, 4, 224),
(21091518002, '2021-09-15', '18:00:00', 'Waiting', 10, 2, 253),
(21091519001, '2021-09-15', '19:00:00', 'Waiting', 65, 1, 280),
(21091709307, '2021-09-17', '09:30:00', 'Waiting', 73, 7, 393),
(21091712307, '2021-09-17', '12:30:00', 'Waiting', 66, 7, 481),
(21091718002, '2021-09-17', '18:00:00', 'Waiting', 8, 2, 353),
(21092010001, '2021-09-20', '10:00:00', 'Waiting', 62, 1, 73),
(21092113307, '2021-09-21', '13:30:00', 'Waiting', 50, 7, 386),
(21092116302, '2021-09-21', '16:30:00', 'Waiting', 62, 2, 377),
(21092218007, '2021-09-22', '18:00:00', 'Waiting', 27, 7, 235),
(21092312307, '2021-09-23', '12:30:00', 'Waiting', 3, 7, 431),
(21092719002, '2021-09-27', '19:00:00', 'Waiting', 8, 2, 146),
(21093020007, '2021-09-30', '20:00:00', 'Waiting', 5, 7, 262),
(21100112003, '2021-10-01', '12:00:00', 'Waiting', 5, 3, 286),
(21100115301, '2021-10-01', '15:30:00', 'Waiting', 5, 1, 421),
(21100511304, '2021-10-05', '11:30:00', 'Waiting', 10, 4, 357),
(21100611304, '2021-10-06', '11:30:00', 'Waiting', 12, 4, 367),
(21100615001, '2021-10-06', '15:00:00', 'Waiting', 15, 1, 359),
(21100616301, '2021-10-06', '16:30:00', 'Waiting', 12, 1, 171),
(21100708301, '2021-10-07', '08:30:00', 'Waiting', 23, 1, 370),
(21100813004, '2021-10-08', '13:00:00', 'Waiting', 13, 4, 414),
(21100816003, '2021-10-08', '16:00:00', 'Waiting', 3, 3, 447),
(21101112304, '2021-10-11', '12:30:00', 'Waiting', 10, 4, 2),
(21101116307, '2021-10-11', '16:30:00', 'Waiting', 27, 7, 444),
(21101312001, '2021-10-13', '12:00:00', 'Waiting', 17, 1, 577),
(21101312007, '2021-10-13', '12:00:00', 'Waiting', 10, 7, 45),
(21101316303, '2021-10-13', '16:30:00', 'Waiting', 62, 3, 210),
(21101319304, '2021-10-13', '19:30:00', 'Waiting', 80, 4, 553),
(21101414002, '2021-10-14', '14:00:00', 'Waiting', 22, 2, 190),
(21101518302, '2021-10-15', '18:30:00', 'Waiting', 23, 2, 599),
(21101808004, '2021-10-18', '08:00:00', 'Waiting', 5, 4, 262),
(21101818307, '2021-10-18', '18:30:00', 'Waiting', 50, 7, 55),
(21101820004, '2021-10-18', '20:00:00', 'Waiting', 3, 4, 27),
(21101919001, '2021-10-19', '19:00:00', 'Waiting', 10, 1, 436),
(21102114302, '2021-10-21', '14:30:00', 'Waiting', 50, 2, 140),
(21102212304, '2021-10-22', '12:30:00', 'Waiting', 5, 4, 340),
(21102608301, '2021-10-26', '08:30:00', 'Waiting', 15, 1, 283),
(21102715307, '2021-10-27', '15:30:00', 'Waiting', 5, 7, 218),
(21102810303, '2021-10-28', '10:30:00', 'Waiting', 23, 3, 170),
(21102816303, '2021-10-28', '16:30:00', 'Waiting', 5, 3, 195),
(21110215003, '2021-11-02', '15:00:00', 'Waiting', 15, 3, 193),
(21110218303, '2021-11-02', '18:30:00', 'Waiting', 50, 3, 16),
(21110417007, '2021-11-04', '17:00:00', 'Waiting', 3, 7, 109),
(21110812001, '2021-11-08', '12:00:00', 'Waiting', 11, 1, 118),
(21110816001, '2021-11-08', '16:00:00', 'Waiting', 62, 1, 489),
(21110816301, '2021-11-08', '16:30:00', 'Waiting', 15, 1, 130),
(21110915001, '2021-11-09', '15:00:00', 'Waiting', 63, 1, 412),
(21110917004, '2021-11-09', '17:00:00', 'Waiting', 10, 4, 571),
(21111108307, '2021-11-11', '08:30:00', 'Waiting', 5, 7, 335),
(21111209002, '2021-11-12', '09:00:00', 'Waiting', 20, 2, 180),
(21111513304, '2021-11-15', '13:30:00', 'Waiting', 12, 4, 324),
(21111519301, '2021-11-15', '19:30:00', 'Waiting', 5, 1, 228),
(21111614304, '2021-11-16', '14:30:00', 'Waiting', 65, 4, 265),
(21111710303, '2021-11-17', '10:30:00', 'Waiting', 12, 3, 24),
(21111713003, '2021-11-17', '13:00:00', 'Waiting', 15, 3, 11),
(21111719304, '2021-11-17', '19:30:00', 'Waiting', 12, 4, 538),
(21111813307, '2021-11-18', '13:30:00', 'Waiting', 30, 7, 166),
(21111820004, '2021-11-18', '20:00:00', 'Waiting', 10, 4, 459),
(21112211302, '2021-11-22', '11:30:00', 'Waiting', 65, 2, 137),
(21112309003, '2021-11-23', '09:00:00', 'Waiting', 15, 3, 13),
(21112312302, '2021-11-23', '12:30:00', 'Waiting', 12, 2, 63),
(21112416303, '2021-11-24', '16:30:00', 'Waiting', 12, 3, 236),
(21112518004, '2021-11-25', '18:00:00', 'Waiting', 3, 4, 531),
(21112520001, '2021-11-25', '20:00:00', 'Waiting', 8, 1, 400),
(21112612303, '2021-11-26', '12:30:00', 'Waiting', 25, 3, 594),
(21112908007, '2021-11-29', '08:00:00', 'Waiting', 76, 7, 379),
(21112917002, '2021-11-29', '17:00:00', 'Waiting', 5, 2, 218),
(21112918002, '2021-11-29', '18:00:00', 'Waiting', 12, 2, 63),
(21120110003, '2021-12-01', '10:00:00', 'Waiting', 11, 3, 599),
(21120211307, '2021-12-02', '11:30:00', 'Waiting', 25, 7, 60),
(21120214302, '2021-12-02', '14:30:00', 'Waiting', 50, 2, 569),
(21120214304, '2021-12-02', '14:30:00', 'Waiting', 15, 4, 420),
(21120308002, '2021-12-03', '08:00:00', 'Waiting', 65, 2, 230),
(21120719002, '2021-12-07', '19:00:00', 'Waiting', 13, 2, 302),
(21120808003, '2021-12-08', '08:00:00', 'Waiting', 8, 3, 55),
(21121318007, '2021-12-13', '18:00:00', 'Waiting', 10, 7, 402),
(21121413303, '2021-12-14', '13:30:00', 'Waiting', 12, 3, 348),
(21121418007, '2021-12-14', '18:00:00', 'Waiting', 50, 7, 241),
(21121513304, '2021-12-15', '13:30:00', 'Waiting', 60, 4, 523),
(21121516307, '2021-12-15', '16:30:00', 'Waiting', 10, 7, 373),
(21121608001, '2021-12-16', '08:00:00', 'Waiting', 10, 1, 567),
(21121718303, '2021-12-17', '18:30:00', 'Waiting', 15, 3, 122),
(21122114302, '2021-12-21', '14:30:00', 'Waiting', 12, 2, 442),
(21122212002, '2021-12-22', '12:00:00', 'Waiting', 50, 2, 373),
(21122215304, '2021-12-22', '15:30:00', 'Waiting', 11, 4, 450),
(21122218301, '2021-12-22', '18:30:00', 'Waiting', 5, 1, 415),
(21122718302, '2021-12-27', '18:30:00', 'Waiting', 8, 2, 539),
(21122815004, '2021-12-28', '15:00:00', 'Waiting', 18, 4, 594),
(21122819301, '2021-12-28', '19:30:00', 'Waiting', 3, 1, 426),
(21123115307, '2021-12-31', '15:30:00', 'Waiting', 23, 7, 216),
(21123116307, '2021-12-31', '16:30:00', 'Waiting', 5, 7, 412);

-- --------------------------------------------------------

--
-- Görünüm yapısı `adminres`
--
DROP TABLE IF EXISTS `adminres`;

CREATE ALGORITHM=UNDEFINED DEFINER=`root`@`localhost` SQL SECURITY DEFINER VIEW `adminres`  AS SELECT `reservation`.`ReservationID` AS `ReservationID`, `reservation`.`ReservationDate` AS `ReservationDate`, `reservation`.`isDone` AS `isDone`, `barber`.`BarberName` AS `BarberName`, `barber`.`BarberSurname` AS `BarberSurname`, `customer`.`CustomerName` AS `CustomerName`, `customer`.`CustomerSurname` AS `CustomerSurname` FROM ((`reservation` join `barber` on(`barber`.`BarberID` = `reservation`.`BarberID`)) join `customer` on(`customer`.`CustomerID` = `reservation`.`CustomerID`)) ;

--
-- Dökümü yapılmış tablolar için indeksler
--

--
-- Tablo için indeksler `admin`
--
ALTER TABLE `admin`
  ADD PRIMARY KEY (`AdminID`);

--
-- Tablo için indeksler `barber`
--
ALTER TABLE `barber`
  ADD PRIMARY KEY (`BarberID`);

--
-- Tablo için indeksler `customer`
--
ALTER TABLE `customer`
  ADD PRIMARY KEY (`CustomerID`),
  ADD UNIQUE KEY `Email` (`Email`);

--
-- Tablo için indeksler `operation`
--
ALTER TABLE `operation`
  ADD PRIMARY KEY (`OperationID`),
  ADD UNIQUE KEY `OperationName` (`OperationName`);

--
-- Tablo için indeksler `operation_selection`
--
ALTER TABLE `operation_selection`
  ADD PRIMARY KEY (`SelectionID`),
  ADD KEY `OperationID` (`OperationID`) USING BTREE,
  ADD KEY `ReservationID` (`ReservationID`);

--
-- Tablo için indeksler `reservation`
--
ALTER TABLE `reservation`
  ADD PRIMARY KEY (`ReservationID`) USING BTREE,
  ADD KEY `BarberID` (`BarberID`),
  ADD KEY `CustomerID` (`CustomerID`);

--
-- Dökümü yapılmış tablolar için AUTO_INCREMENT değeri
--

--
-- Tablo için AUTO_INCREMENT değeri `barber`
--
ALTER TABLE `barber`
  MODIFY `BarberID` int(11) NOT NULL AUTO_INCREMENT, AUTO_INCREMENT=19;

--
-- Tablo için AUTO_INCREMENT değeri `customer`
--
ALTER TABLE `customer`
  MODIFY `CustomerID` int(11) NOT NULL AUTO_INCREMENT, AUTO_INCREMENT=609;

--
-- Tablo için AUTO_INCREMENT değeri `operation`
--
ALTER TABLE `operation`
  MODIFY `OperationID` int(11) NOT NULL AUTO_INCREMENT, AUTO_INCREMENT=19;

--
-- Dökümü yapılmış tablolar için kısıtlamalar
--

--
-- Tablo kısıtlamaları `operation_selection`
--
ALTER TABLE `operation_selection`
  ADD CONSTRAINT `operation_selection_ibfk_4` FOREIGN KEY (`OperationID`) REFERENCES `operation` (`OperationID`) ON DELETE CASCADE,
  ADD CONSTRAINT `operation_selection_ibfk_5` FOREIGN KEY (`ReservationID`) REFERENCES `reservation` (`ReservationID`) ON DELETE CASCADE;

--
-- Tablo kısıtlamaları `reservation`
--
ALTER TABLE `reservation`
  ADD CONSTRAINT `reservation_ibfk_1` FOREIGN KEY (`BarberID`) REFERENCES `barber` (`BarberID`) ON DELETE CASCADE,
  ADD CONSTRAINT `reservation_ibfk_2` FOREIGN KEY (`CustomerID`) REFERENCES `customer` (`CustomerID`) ON DELETE CASCADE;
COMMIT;

/*!40101 SET CHARACTER_SET_CLIENT=@OLD_CHARACTER_SET_CLIENT */;
/*!40101 SET CHARACTER_SET_RESULTS=@OLD_CHARACTER_SET_RESULTS */;
/*!40101 SET COLLATION_CONNECTION=@OLD_COLLATION_CONNECTION */;
